Nombre;RUT;"N factura o Boleta";Patente;Pórtico;Eje;Lugar;Fecha;Hora;"Tipo de Tarifa";Monto
"AUTOMAAS CHILE SPA";78343019-3;20821947;KZGL59;1001;18;"Las Canteras";2026-08-15;06:02:01;"Tarifa Interurbana";1.400,00
"AUTOMAAS CHILE SPA";78343019-3;20821947;KZGL59;1002;17;"Las Canteras";2026-08-15;06:45:02;"Tarifa Interurbana";1.400,00
"AUTOMAAS CHILE SPA";78343019-3;20821947;LPPZ24;1001;18;"Las Canteras";2026-08-17;05:59:19;"Tarifa Interurbana";1.400,00
"AUTOMAAS CHILE SPA";78343019-3;20821947;LPPZ24;1002;17;"Las Canteras";2026-08-17;06:41:32;"Tarifa Interurbana";1.400,00
"AUTOMAAS CHILE SPA";78343019-3;20821947;KXZS95;1001;18;"Las Canteras";2026-08-20;05:48:33;"Tarifa Interurbana";1.400,00
"AUTOMAAS CHILE SPA";78343019-3;20821947;CYPW26;1002;17;"Las Canteras";2026-08-20;22:09:25;"Tarifa Interurbana";1.400,00
"AUTOMAAS CHILE SPA";78343019-3;20821947;LPPZ31;1001;18;"Las Canteras";2026-08-21;06:03:47;"Tarifa Interurbana";1.400,00
"AUTOMAAS CHILE SPA";78343019-3;20821947;HXJJ44;1002;17;"Las Canteras";2026-08-21;22:01:51;"Tarifa Interurbana";1.400,00
"AUTOMAAS CHILE SPA";78343019-3;20821947;KXZS95;1001;18;"Las Canteras";2026-08-22;05:51:00;"Tarifa Interurbana";1.400,00
"AUTOMAAS CHILE SPA";78343019-3;20821947;KXZS95;1002;17;"Las Canteras";2026-08-22;06:32:13;"Tarifa Interurbana";1.400,00
"AUTOMAAS CHILE SPA";78343019-3;20821947;KXZS95;1001;18;"Las Canteras";2026-08-23;06:15:58;"Tarifa Interurbana";1.400,00
"AUTOMAAS CHILE SPA";78343019-3;20821947;KXZS95;1002;17;"Las Canteras";2026-08-23;06:55:06;"Tarifa Interurbana";1.400,00
"AUTOMAAS CHILE SPA";78343019-3;20821947;KXZS95;1001;18;"Las Canteras";2026-08-25;05:59:59;"Tarifa Interurbana";1.400,00
"AUTOMAAS CHILE SPA";78343019-3;20821947;KXZS95;1002;17;"Las Canteras";2026-08-25;06:35:00;"Tarifa Interurbana";1.400,00
"AUTOMAAS CHILE SPA";78343019-3;20821947;HXJJ44;1001;18;"Las Canteras";2026-08-25;21:14:20;"Tarifa Interurbana";1.400,00
"AUTOMAAS CHILE SPA";78343019-3;20821947;HXJJ44;1002;17;"Las Canteras";2026-08-25;21:57:57;"Tarifa Interurbana";1.400,00
"AUTOMAAS CHILE SPA";78343019-3;20821947;KXZS95;1001;18;"Las Canteras";2026-08-26;06:09:12;"Tarifa Interurbana";1.400,00
"AUTOMAAS CHILE SPA";78343019-3;20821947;HXJJ44;1002;17;"Las Canteras";2026-08-26;22:24:59;"Tarifa Interurbana";1.400,00
"AUTOMAAS CHILE SPA";78343019-3;20821947;KXZS95;1002;17;"Las Canteras";2026-08-27;07:34:23;"Tarifa Interurbana";1.400,00
"AUTOMAAS CHILE SPA";78343019-3;20821947;HXJJ44;1002;17;"Las Canteras";2026-08-27;22:05:30;"Tarifa Interurbana";1.400,00
"AUTOMAAS CHILE SPA";78343019-3;20821947;KXZS95;1001;18;"Las Canteras";2026-08-30;05:41:31;"Tarifa Interurbana";1.400,00
"AUTOMAAS CHILE SPA";78343019-3;20821947;KXZS95;1002;17;"Las Canteras";2026-08-30;06:19:43;"Tarifa Interurbana";1.400,00
"AUTOMAAS CHILE SPA";78343019-3;20821947;KXZS95;1001;18;"Las Canteras";2026-08-31;05:43:16;"Tarifa Interurbana";1.400,00
"AUTOMAAS CHILE SPA";78343019-3;20821947;HXJJ44;1002;17;"Las Canteras";2026-08-31;22:09:07;"Tarifa Interurbana";1.400,00
"AUTOMAAS CHILE SPA";78343019-3;20821947;KXZS95;1001;18;"Las Canteras";2026-09-01;05:24:59;"Tarifa Interurbana";1.400,00
"AUTOMAAS CHILE SPA";78343019-3;20821947;HXJJ44;1002;17;"Las Canteras";2026-09-01;22:09:03;"Tarifa Interurbana";1.400,00
"AUTOMAAS CHILE SPA";78343019-3;20821947;LPPZ31;1001;18;"Las Canteras";2026-09-02;05:48:47;"Tarifa Interurbana";1.400,00
"AUTOMAAS CHILE SPA";78343019-3;20821947;LPPZ31;1002;17;"Las Canteras";2026-09-02;06:31:56;"Tarifa Interurbana";1.400,00
"AUTOMAAS CHILE SPA";78343019-3;20821947;HXJJ44;1002;17;"Las Canteras";2026-09-03;22:17:19;"Tarifa Interurbana";1.400,00
"AUTOMAAS CHILE SPA";78343019-3;20821947;HXJJ44;1002;17;"Las Canteras";2026-09-05;21:55:06;"Tarifa Interurbana";1.400,00
"AUTOMAAS CHILE SPA";78343019-3;20821947;HXJJ44;1002;17;"Las Canteras";2026-09-06;22:09:08;"Tarifa Interurbana";1.400,00
"AUTOMAAS CHILE SPA";78343019-3;20821947;KXZS95;1001;18;"Las Canteras";2026-09-07;06:04:16;"Tarifa Interurbana";1.400,00
"AUTOMAAS CHILE SPA";78343019-3;20821947;KXZS95;1002;17;"Las Canteras";2026-09-07;06:36:01;"Tarifa Interurbana";1.400,00
"AUTOMAAS CHILE SPA";78343019-3;20821947;HXJJ44;1001;18;"Las Canteras";2026-09-07;20:55:17;"Tarifa Interurbana";1.400,00
"AUTOMAAS CHILE SPA";78343019-3;20821947;HXJJ44;1002;17;"Las Canteras";2026-09-07;21:37:23;"Tarifa Interurbana";1.400,00
"AUTOMAAS CHILE SPA";78343019-3;20821947;LPPZ31;1001;18;"Las Canteras";2026-09-08;05:54:13;"Tarifa Interurbana";1.400,00
"AUTOMAAS CHILE SPA";78343019-3;20821947;LPPZ31;1002;17;"Las Canteras";2026-09-08;06:35:49;"Tarifa Interurbana";1.400,00
"AUTOMAAS CHILE SPA";78343019-3;20821947;HXJJ44;1001;18;"Las Canteras";2026-09-08;21:10:36;"Tarifa Interurbana";1.400,00
"AUTOMAAS CHILE SPA";78343019-3;20821947;HXJJ44;1002;17;"Las Canteras";2026-09-08;21:59:50;"Tarifa Interurbana";1.400,00
"AUTOMAAS CHILE SPA";78343019-3;20821947;KXZS95;1001;18;"Las Canteras";2026-09-09;05:41:16;"Tarifa Interurbana";1.400,00
"AUTOMAAS CHILE SPA";78343019-3;20821947;LPPZ31;1001;18;"Las Canteras";2026-09-09;21:14:10;"Tarifa Interurbana";1.400,00
"AUTOMAAS CHILE SPA";78343019-3;20821947;KXZS95;1001;18;"Las Canteras";2026-09-10;05:49:00;"Tarifa Interurbana";1.400,00
"AUTOMAAS CHILE SPA";78343019-3;20821947;HXJJ44;1002;17;"Las Canteras";2026-09-10;22:00:11;"Tarifa Interurbana";1.400,00
"AUTOMAAS CHILE SPA";78343019-3;20821947;HXJJ44;1002;17;"Las Canteras";2026-09-11;22:19:04;"Tarifa Interurbana";1.400,00
"AUTOMAAS CHILE SPA";78343019-3;20821947;HXJJ44;1002;17;"Las Canteras";2026-09-12;22:31:31;"Tarifa Interurbana";1.400,00
"AUTOMAAS CHILE SPA";78343019-3;20821947;KXZS95;1001;18;"Las Canteras";2026-09-13;05:41:16;"Tarifa Interurbana";1.400,00
"AUTOMAAS CHILE SPA";78343019-3;20821947;HXJJ44;1002;17;"Las Canteras";2026-09-13;22:24:15;"Tarifa Interurbana";1.400,00
"AUTOMAAS CHILE SPA";78343019-3;20821947;HXJJ44;1002;17;"Las Canteras";2026-09-14;22:13:14;"Tarifa Interurbana";1.400,00
"AUTOMAAS CHILE SPA";78343019-3;20821947;KXZS95;1001;18;"Las Canteras";2026-09-15;05:57:31;"Tarifa Interurbana";1.400,00
"AUTOMAAS CHILE SPA";78343019-3;20821947;KXZS95;1002;17;"Las Canteras";2026-09-15;06:31:52;"Tarifa Interurbana";1.400,00
"AUTOMAAS CHILE SPA";78343019-3;20821947;LPPZ31;1001;18;"Las Canteras";2026-09-15;21:07:00;"Tarifa Interurbana";1.400,00
"AUTOMAAS CHILE SPA";78343019-3;20821947;LPPZ31;1002;17;"Las Canteras";2026-09-15;21:44:53;"Tarifa Interurbana";1.400,00
"AUTOMAAS CHILE SPA";78343019-3;20821947;KXZS95;1001;18;"Las Canteras";2026-09-16;05:28:57;"Tarifa Interurbana";1.400,00
"AUTOMAAS CHILE SPA";78343019-3;20821947;KXZS95;1002;17;"Las Canteras";2026-09-16;06:30:19;"Tarifa Interurbana";1.400,00
"AUTOMAAS CHILE SPA";78343019-3;20821947;HXJJ44;1001;18;"Las Canteras";2026-09-16;21:18:29;"Tarifa Interurbana";1.400,00
"AUTOMAAS CHILE SPA";78343019-3;20821947;HXJJ44;1002;17;"Las Canteras";2026-09-16;21:57:45;"Tarifa Interurbana";1.400,00
