Nombre;RUT;"N factura o Boleta";Consecionaria;Patente;Pórtico;Eje;Lugar;Fecha;Hora;"Tipo de Tarifa";"Valor Portico";"Factor Cobro";Monto
"AUTOMAAS CHILE SPA";78343019-3;20821947;"Autopista Central";KZGL59;PA30;"Ruta 5 Sur-Norte";"Americo Vespucio - Departamental";2026-07-30;17:59:37;Infracciones;--;--;11.432,00
"AUTOMAAS CHILE SPA";78343019-3;20821947;"Autopista Central";LJDV98;PA30;"Ruta 5 Sur-Norte";"Americo Vespucio - Departamental";2026-07-30;19:27:25;Infracciones;--;--;11.432,00
"AUTOMAAS CHILE SPA";78343019-3;20821947;"Autopista Central";LKGZ52;PA30;"Ruta 5 Sur-Norte";"Americo Vespucio - Departamental";2026-07-30;21:23:59;Infracciones;--;--;11.432,00
"AUTOMAAS CHILE SPA";78343019-3;20821947;"Autopista Central";KZGL59;PA8;"Ruta 5 Norte-Sur";"Lo Espejo Poniente";2026-07-31;03:45:25;Infracciones;--;--;11.432,00
"AUTOMAAS CHILE SPA";78343019-3;20821947;"Autopista Central";LKGZ52;PA21;"General Velasquez Sur-Norte";"Lo Ovalle Oriente";2026-07-31;05:05:45;Infracciones;--;--;11.432,00
"AUTOMAAS CHILE SPA";78343019-3;20821947;"Autopista Central";LJDV98;PA21;"General Velasquez Sur-Norte";"Lo Ovalle Oriente";2026-07-31;07:05:07;Infracciones;--;--;11.432,00
"AUTOMAAS CHILE SPA";78343019-3;20821947;"Autopista Central";LKGZ52;PA21;"General Velasquez Sur-Norte";"Lo Ovalle Oriente";2026-08-01;00:20:34;Infracciones;--;--;11.432,00
"AUTOMAAS CHILE SPA";78343019-3;20821947;"Autopista Central";LJDV98;PA6;"Ruta 5 Norte-Sur";"Colón Poniente";2026-08-01;00:41:26;Infracciones;--;--;11.432,00
"AUTOMAAS CHILE SPA";78343019-3;20821947;"Autopista Central";KZGL59;PA8;"Ruta 5 Norte-Sur";"Lo Espejo Poniente";2026-08-01;01:38:12;Infracciones;--;--;11.432,00
"AUTOMAAS CHILE SPA";78343019-3;20821947;"Autopista Central";KZGL59;PA8;"Ruta 5 Norte-Sur";"Lo Espejo Poniente";2026-08-02;01:55:38;Infracciones;--;--;11.432,00
"AUTOMAAS CHILE SPA";78343019-3;20821947;"Autopista Central";LJDV98;PA9;"Ruta 5 Norte-Sur";"Lo Ovalle Poniente";2026-08-02;01:59:25;Infracciones;--;--;11.432,00
"AUTOMAAS CHILE SPA";78343019-3;20821947;"Autopista Central";LKGZ52;PA11;"Ruta 5 Norte-Sur";"La Marina San Nicolás Poniente";2026-08-02;02:18:23;Infracciones;--;--;11.432,00
"AUTOMAAS CHILE SPA";78343019-3;20821947;"Autopista Central";LKGZ52;PA11;"Ruta 5 Norte-Sur";"La Marina San Nicolás Poniente";2026-08-03;00:58:31;Infracciones;--;--;11.432,00
"AUTOMAAS CHILE SPA";78343019-3;20821947;"Autopista Central";KZGL59;PA32;"Ruta 5 Norte-Sur";"Lo Blanco - Las Acacias";2026-08-03;01:38:22;Infracciones;--;--;11.432,00
"AUTOMAAS CHILE SPA";78343019-3;20821947;"Autopista Central";LJDV98;PA21;"General Velasquez Sur-Norte";"Lo Ovalle Oriente";2026-08-03;01:44:41;Infracciones;--;--;11.432,00
"AUTOMAAS CHILE SPA";78343019-3;20821947;"Autopista Central";CYPW26;PA21;"General Velasquez Sur-Norte";"Lo Ovalle Oriente";2026-08-03;05:42:00;Infracciones;--;--;11.432,00
"AUTOMAAS CHILE SPA";78343019-3;20821947;"Autopista Central";KDRJ20;PA32;"Ruta 5 Norte-Sur";"Lo Blanco - Las Acacias";2026-08-04;00:27:37;Infracciones;--;--;11.432,00
"AUTOMAAS CHILE SPA";78343019-3;20821947;"Autopista Central";LJDV98;PA10;"Ruta 5 Sur-Norte";"La Marina San Nicolás Oriente";2026-08-04;00:42:17;Infracciones;--;--;11.432,00
"AUTOMAAS CHILE SPA";78343019-3;20821947;"Autopista Central";KZGL59;PA26;"General Velasquez Norte-Sur";"San Pablo Poniente";2026-08-04;00:49:23;Infracciones;--;--;11.432,00
"AUTOMAAS CHILE SPA";78343019-3;20821947;"Autopista Central";LDWP36;PA31;"Ruta 5 Sur-Norte";"Avenida Matta";2026-08-04;06:14:57;Infracciones;--;--;22.863,00
"AUTOMAAS CHILE SPA";78343019-3;20821947;"Autopista Central";LKGZ52;PA30;"Ruta 5 Sur-Norte";"Americo Vespucio - Departamental";2026-08-04;21:27:05;Infracciones;--;--;11.432,00
"AUTOMAAS CHILE SPA";78343019-3;20821947;"Autopista Central";KZGL59;PA21;"General Velasquez Sur-Norte";"Lo Ovalle Oriente";2026-08-05;00:28:12;Infracciones;--;--;11.432,00
"AUTOMAAS CHILE SPA";78343019-3;20821947;"Autopista Central";KDRJ20;PA8;"Ruta 5 Norte-Sur";"Lo Espejo Poniente";2026-08-05;00:28:36;Infracciones;--;--;11.432,00
"AUTOMAAS CHILE SPA";78343019-3;20821947;"Autopista Central";LJDV98;PA30;"Ruta 5 Sur-Norte";"Americo Vespucio - Departamental";2026-08-05;01:07:08;Infracciones;--;--;11.432,00
"AUTOMAAS CHILE SPA";78343019-3;20821947;"Autopista Central";LDWP36;PA31;"Ruta 5 Sur-Norte";"Avenida Matta";2026-08-05;06:09:29;Infracciones;--;--;11.432,00
"AUTOMAAS CHILE SPA";78343019-3;20821947;"Autopista Central";LKGZ52;PA30;"Ruta 5 Sur-Norte";"Americo Vespucio - Departamental";2026-08-05;21:26:19;Infracciones;--;--;11.432,00
"AUTOMAAS CHILE SPA";78343019-3;20821947;"Autopista Central";HXJJ44;PA8;"Ruta 5 Norte-Sur";"Lo Espejo Poniente";2026-08-05;23:55:10;Infracciones;--;--;11.432,00
"AUTOMAAS CHILE SPA";78343019-3;20821947;"Autopista Central";LKGZ52;PA30;"Ruta 5 Sur-Norte";"Americo Vespucio - Departamental";2026-08-06;00:07:53;Infracciones;--;--;11.432,00
"AUTOMAAS CHILE SPA";78343019-3;20821947;"Autopista Central";KDRJ20;PA8;"Ruta 5 Norte-Sur";"Lo Espejo Poniente";2026-08-06;00:23:04;Infracciones;--;--;11.432,00
"AUTOMAAS CHILE SPA";78343019-3;20821947;"Autopista Central";LJDV98;PA30;"Ruta 5 Sur-Norte";"Americo Vespucio - Departamental";2026-08-06;00:27:27;Infracciones;--;--;11.432,00
"AUTOMAAS CHILE SPA";78343019-3;20821947;"Autopista Central";KZGL59;PA21;"General Velasquez Sur-Norte";"Lo Ovalle Oriente";2026-08-06;01:28:06;Infracciones;--;--;11.432,00
"AUTOMAAS CHILE SPA";78343019-3;20821947;"Autopista Central";HXJJ44;PA19;"General Velasquez Sur-Norte";"Puerta Sur Oriente";2026-08-06;01:47:41;Infracciones;--;--;11.432,00
"AUTOMAAS CHILE SPA";78343019-3;20821947;"Autopista Central";LDWP36;PA3;"Ruta 5 Sur-Norte";"Calera de Tango Oriente";2026-08-06;05:24:16;Infracciones;--;--;11.432,00
"AUTOMAAS CHILE SPA";78343019-3;20821947;"Autopista Central";KZGL59;PA21;"General Velasquez Sur-Norte";"Lo Ovalle Oriente";2026-08-07;00:22:19;Infracciones;--;--;11.432,00
"AUTOMAAS CHILE SPA";78343019-3;20821947;"Autopista Central";KDRJ20;PA32;"Ruta 5 Norte-Sur";"Lo Blanco - Las Acacias";2026-08-07;00:22:45;Infracciones;--;--;11.432,00
"AUTOMAAS CHILE SPA";78343019-3;20821947;"Autopista Central";LKGZ52;PA9;"Ruta 5 Norte-Sur";"Lo Ovalle Poniente";2026-08-07;04:38:31;Infracciones;--;--;11.432,00
"AUTOMAAS CHILE SPA";78343019-3;20821947;"Autopista Central";LDWP36;PA31;"Ruta 5 Sur-Norte";"Avenida Matta";2026-08-07;06:04:27;Infracciones;--;--;11.432,00
"AUTOMAAS CHILE SPA";78343019-3;20821947;"Autopista Central";LJDV98;PA16;"Ruta 5 Sur-Norte";"Avda Santa María Oriente";2026-08-07;20:07:17;Infracciones;--;--;11.432,00
"AUTOMAAS CHILE SPA";78343019-3;20821947;"Autopista Central";KDRJ20;PA20;"General Velasquez Norte-Sur";"Lo Espejo Poniente";2026-08-08;00:01:56;Infracciones;--;--;11.432,00
"AUTOMAAS CHILE SPA";78343019-3;20821947;"Autopista Central";LDWP36;PA32;"Ruta 5 Norte-Sur";"Lo Blanco - Las Acacias";2026-08-08;00:28:46;Infracciones;--;--;11.432,00
"AUTOMAAS CHILE SPA";78343019-3;20821947;"Autopista Central";KZGL59;PA30;"Ruta 5 Sur-Norte";"Americo Vespucio - Departamental";2026-08-08;00:30:41;Infracciones;--;--;11.432,00
"AUTOMAAS CHILE SPA";78343019-3;20821947;"Autopista Central";HXJJ44;PA21;"General Velasquez Sur-Norte";"Lo Ovalle Oriente";2026-08-08;00:50:33;Infracciones;--;--;11.432,00
"AUTOMAAS CHILE SPA";78343019-3;20821947;"Autopista Central";LJDV98;PA8;"Ruta 5 Norte-Sur";"Lo Espejo Poniente";2026-08-08;06:21:53;Infracciones;--;--;11.432,00
"AUTOMAAS CHILE SPA";78343019-3;20821947;"Autopista Central";LKGZ52;PA30;"Ruta 5 Sur-Norte";"Americo Vespucio - Departamental";2026-08-08;20:27:05;Infracciones;--;--;11.432,00
