NOMBRE;RUT;PATENTE;PORTICO;EJE;LUGAR;FECHA;HORA;MONTO
"AUTOMAAS CHILE SPA";78343019-3;KZGL59;PA25;"San Pablo Oriente";"San Pablo Oriente";17-09-2026;07:12:46;843,86
"AUTOMAAS CHILE SPA";78343019-3;KZGL59;PA28;"Cerro Renca Oriente";"Cerro Renca Oriente";17-09-2026;07:18:21;1.024,69
"AUTOMAAS CHILE SPA";78343019-3;KZGL59;PA17;"Américo Vespucio Oriente";"Américo Vespucio Oriente";17-09-2026;07:20:17;924,92
"AUTOMAAS CHILE SPA";78343019-3;KZGL59;PA18;"Américo Vespucio Poniente";"Américo Vespucio Poniente";17-09-2026;08:22:15;924,92
"AUTOMAAS CHILE SPA";78343019-3;KZGL59;PA26;"San Pablo Poniente";"San Pablo Poniente";17-09-2026;08:37:45;421,93
"AUTOMAAS CHILE SPA";78343019-3;KZGL59;PA22;"Lo Ovalle Poniente";"Lo Ovalle Poniente";17-09-2026;08:58:27;512,34
"AUTOMAAS CHILE SPA";78343019-3;KZGL59;PA22;"Lo Ovalle Poniente";"Lo Ovalle Poniente";17-09-2026;23:43:48;512,34
"AUTOMAAS CHILE SPA";78343019-3;KZGL59;PA32;"Lo Blanco - Las Acacias";"Lo Blanco - Las Acacias";17-09-2026;23:54:28;176,67
"AUTOMAAS CHILE SPA";78343019-3;KZGL59;PA7;"Lo Espejo Oriente";"Lo Espejo Oriente";18-09-2026;05:04:40;452,06
"AUTOMAAS CHILE SPA";78343019-3;KZGL59;PA20;"Lo Espejo Poniente";"Lo Espejo Poniente";18-09-2026;23:56:03;412,57
"AUTOMAAS CHILE SPA";78343019-3;KZGL59;PA32;"Lo Blanco - Las Acacias";"Lo Blanco - Las Acacias";18-09-2026;23:57:53;176,67
"AUTOMAAS CHILE SPA";78343019-3;KZGL59;PA16;"Avda Santa María Oriente";"Avda Santa María Oriente";19-09-2026;07:10:13;425,04
"AUTOMAAS CHILE SPA";78343019-3;KZGL59;PA17;"Américo Vespucio Oriente";"Américo Vespucio Oriente";19-09-2026;07:14:16;462,46
"AUTOMAAS CHILE SPA";78343019-3;KZGL59;PA18;"Américo Vespucio Poniente";"Américo Vespucio Poniente";19-09-2026;07:30:46;462,46
"AUTOMAAS CHILE SPA";78343019-3;KZGL59;PA10;"La Marina San Nicolás Oriente";"La Marina San Nicolás Oriente";19-09-2026;19:05:03;285,79
"AUTOMAAS CHILE SPA";78343019-3;KZGL59;PA31;"Avenida Matta";"Avenida Matta";19-09-2026;19:07:11;368,93
"AUTOMAAS CHILE SPA";78343019-3;KZGL59;PA13;"Alameda - Rio Mapocho";"Alameda - Rio Mapocho";19-09-2026;19:10:54;181,86
"AUTOMAAS CHILE SPA";78343019-3;KZGL59;PA16;"Avda Santa María Oriente";"Avda Santa María Oriente";19-09-2026;19:19:34;425,04
"AUTOMAAS CHILE SPA";78343019-3;KZGL59;PA17;"Américo Vespucio Oriente";"Américo Vespucio Oriente";19-09-2026;19:23:37;462,46
"AUTOMAAS CHILE SPA";78343019-3;KZGL59;PA18;"Américo Vespucio Poniente";"Américo Vespucio Poniente";19-09-2026;20:16:35;462,46
"AUTOMAAS CHILE SPA";78343019-3;KZGL59;PA15;"Bulnes Poniente";"Bulnes Poniente";19-09-2026;20:21:34;425,04
"AUTOMAAS CHILE SPA";78343019-3;KZGL59;PA14;"Alameda Poniente";"Alameda Poniente";19-09-2026;20:23:40;181,86
"AUTOMAAS CHILE SPA";78343019-3;KZGL59;PA12;"Avda Matta Poniente";"Avda Matta Poniente";19-09-2026;20:25:21;368,93
"AUTOMAAS CHILE SPA";78343019-3;KZGL59;PA8;"Lo Espejo Poniente";"Lo Espejo Poniente";19-09-2026;20:59:58;452,06
"AUTOMAAS CHILE SPA";78343019-3;KZGL59;PA32;"Lo Blanco - Las Acacias";"Lo Blanco - Las Acacias";19-09-2026;21:01:15;176,67
"AUTOMAAS CHILE SPA";78343019-3;KZGL59;PA6;"Colón Poniente";"Colón Poniente";19-09-2026;21:03:06;157,96
"AUTOMAAS CHILE SPA";78343019-3;KZGL59;PA37;"Colón, Calera de Tango";"Colón, Calera de Tango";19-09-2026;21:04:15;455,18
"AUTOMAAS CHILE SPA";78343019-3;KZGL59;PA30;"Americo Vespucio - Departamental";"Americo Vespucio - Departamental";19-09-2026;23:01:30;392,83
"AUTOMAAS CHILE SPA";78343019-3;KZGL59;PA7;"Lo Espejo Oriente";"Lo Espejo Oriente";20-09-2026;04:26:01;452,06
"AUTOMAAS CHILE SPA";78343019-3;KZGL59;PA8;"Lo Espejo Poniente";"Lo Espejo Poniente";21-09-2026;01:15:38;452,06
"AUTOMAAS CHILE SPA";78343019-3;KZGL59;PA32;"Lo Blanco - Las Acacias";"Lo Blanco - Las Acacias";21-09-2026;01:16:41;176,67
"AUTOMAAS CHILE SPA";78343019-3;KZGL59;PA30;"Americo Vespucio - Departamental";"Americo Vespucio - Departamental";21-09-2026;02:02:13;392,83
"AUTOMAAS CHILE SPA";78343019-3;KZGL59;PA10;"La Marina San Nicolás Oriente";"La Marina San Nicolás Oriente";21-09-2026;02:03:00;285,79
"AUTOMAAS CHILE SPA";78343019-3;KZGL59;PA31;"Avenida Matta";"Avenida Matta";21-09-2026;02:04:44;368,93
"AUTOMAAS CHILE SPA";78343019-3;KZGL59;PA13;"Alameda - Rio Mapocho";"Alameda - Rio Mapocho";21-09-2026;02:06:01;181,86
"AUTOMAAS CHILE SPA";78343019-3;KZGL59;PA7;"Lo Espejo Oriente";"Lo Espejo Oriente";21-09-2026;05:02:44;452,06
"AUTOMAAS CHILE SPA";78343019-3;KZGL59;PA7;"Lo Espejo Oriente";"Lo Espejo Oriente";21-09-2026;23:34:08;452,06
"AUTOMAAS CHILE SPA";78343019-3;KZGL59;PA30;"Americo Vespucio - Departamental";"Americo Vespucio - Departamental";22-09-2026;01:10:39;392,83
"AUTOMAAS CHILE SPA";78343019-3;KZGL59;PA10;"La Marina San Nicolás Oriente";"La Marina San Nicolás Oriente";22-09-2026;01:11:24;285,79
"AUTOMAAS CHILE SPA";78343019-3;KZGL59;PA31;"Avenida Matta";"Avenida Matta";22-09-2026;01:13:17;368,93
"AUTOMAAS CHILE SPA";78343019-3;KZGL59;PA13;"Alameda - Rio Mapocho";"Alameda - Rio Mapocho";22-09-2026;01:14:43;181,86
"AUTOMAAS CHILE SPA";78343019-3;KZGL59;PA11;"La Marina San Nicolás Poniente";"La Marina San Nicolás Poniente";22-09-2026;04:56:56;285,79
"AUTOMAAS CHILE SPA";78343019-3;KZGL59;PA9;"Lo Ovalle Poniente";"Lo Ovalle Poniente";22-09-2026;04:57:50;392,83
"AUTOMAAS CHILE SPA";78343019-3;KZGL59;PA8;"Lo Espejo Poniente";"Lo Espejo Poniente";22-09-2026;05:01:01;452,06
"AUTOMAAS CHILE SPA";78343019-3;KZGL59;PA32;"Lo Blanco - Las Acacias";"Lo Blanco - Las Acacias";22-09-2026;05:02:08;176,67
"AUTOMAAS CHILE SPA";78343019-3;KZGL59;PA14;"Alameda Poniente";"Alameda Poniente";22-09-2026;16:00:20;363,73
"AUTOMAAS CHILE SPA";78343019-3;KZGL59;PA12;"Avda Matta Poniente";"Avda Matta Poniente";22-09-2026;16:56:34;368,93
"AUTOMAAS CHILE SPA";78343019-3;KZGL59;PA11;"La Marina San Nicolás Poniente";"La Marina San Nicolás Poniente";22-09-2026;16:59:08;285,79
"AUTOMAAS CHILE SPA";78343019-3;KZGL59;PA9;"Lo Ovalle Poniente";"Lo Ovalle Poniente";22-09-2026;17:00:20;392,83
"AUTOMAAS CHILE SPA";78343019-3;KZGL59;PA21;"Lo Ovalle Oriente";"Lo Ovalle Oriente";23-09-2026;06:54:48;512,34
"AUTOMAAS CHILE SPA";78343019-3;KZGL59;PA23;"Carlos Valdovinos Oriente";"Carlos Valdovinos Oriente";23-09-2026;06:58:21;287,86
"AUTOMAAS CHILE SPA";78343019-3;KZGL59;PA25;"San Pablo Oriente";"San Pablo Oriente";23-09-2026;07:00:24;843,86
"AUTOMAAS CHILE SPA";78343019-3;KZGL59;PA10;"La Marina San Nicolás Oriente";"La Marina San Nicolás Oriente";24-09-2026;00:16:41;285,79
"AUTOMAAS CHILE SPA";78343019-3;KZGL59;PA11;"La Marina San Nicolás Poniente";"La Marina San Nicolás Poniente";24-09-2026;00:41:29;285,79
"AUTOMAAS CHILE SPA";78343019-3;KZGL59;PA9;"Lo Ovalle Poniente";"Lo Ovalle Poniente";24-09-2026;00:42:26;392,83
"AUTOMAAS CHILE SPA";78343019-3;KZGL59;PA8;"Lo Espejo Poniente";"Lo Espejo Poniente";24-09-2026;00:45:47;452,06
"AUTOMAAS CHILE SPA";78343019-3;KZGL59;PA32;"Lo Blanco - Las Acacias";"Lo Blanco - Las Acacias";24-09-2026;00:46:59;176,67
"AUTOMAAS CHILE SPA";78343019-3;KZGL59;PA7;"Lo Espejo Oriente";"Lo Espejo Oriente";24-09-2026;01:13:08;452,06
"AUTOMAAS CHILE SPA";78343019-3;KZGL59;PA8;"Lo Espejo Poniente";"Lo Espejo Poniente";24-09-2026;01:45:13;452,06
"AUTOMAAS CHILE SPA";78343019-3;KZGL59;PA32;"Lo Blanco - Las Acacias";"Lo Blanco - Las Acacias";24-09-2026;01:46:21;176,67
"AUTOMAAS CHILE SPA";78343019-3;KZGL59;PA7;"Lo Espejo Oriente";"Lo Espejo Oriente";24-09-2026;01:55:31;452,06
"AUTOMAAS CHILE SPA";78343019-3;KZGL59;PA30;"Americo Vespucio - Departamental";"Americo Vespucio - Departamental";24-09-2026;01:58:31;392,83
"AUTOMAAS CHILE SPA";78343019-3;KZGL59;PA10;"La Marina San Nicolás Oriente";"La Marina San Nicolás Oriente";24-09-2026;01:59:23;285,79
"AUTOMAAS CHILE SPA";78343019-3;KZGL59;PA31;"Avenida Matta";"Avenida Matta";24-09-2026;02:01:16;368,93
"AUTOMAAS CHILE SPA";78343019-3;KZGL59;PA13;"Alameda - Rio Mapocho";"Alameda - Rio Mapocho";24-09-2026;02:02:40;181,86
"AUTOMAAS CHILE SPA";78343019-3;KZGL59;PA20;"Lo Espejo Poniente";"Lo Espejo Poniente";24-09-2026;05:03:39;412,57
"AUTOMAAS CHILE SPA";78343019-3;KZGL59;PA32;"Lo Blanco - Las Acacias";"Lo Blanco - Las Acacias";24-09-2026;05:05:08;176,67
"AUTOMAAS CHILE SPA";78343019-3;KZGL59;PA8;"Lo Espejo Poniente";"Lo Espejo Poniente";24-09-2026;23:06:53;452,06
"AUTOMAAS CHILE SPA";78343019-3;KZGL59;PA32;"Lo Blanco - Las Acacias";"Lo Blanco - Las Acacias";24-09-2026;23:07:58;176,67
"AUTOMAAS CHILE SPA";78343019-3;KZGL59;PA9;"Lo Ovalle Poniente";"Lo Ovalle Poniente";25-09-2026;05:16:12;392,83
"AUTOMAAS CHILE SPA";78343019-3;KZGL59;PA8;"Lo Espejo Poniente";"Lo Espejo Poniente";25-09-2026;05:19:10;452,06
"AUTOMAAS CHILE SPA";78343019-3;KZGL59;PA32;"Lo Blanco - Las Acacias";"Lo Blanco - Las Acacias";25-09-2026;05:20:12;176,67
"AUTOMAAS CHILE SPA";78343019-3;KZGL59;PA30;"Americo Vespucio - Departamental";"Americo Vespucio - Departamental";25-09-2026;22:53:10;392,83
"AUTOMAAS CHILE SPA";78343019-3;KZGL59;PA10;"La Marina San Nicolás Oriente";"La Marina San Nicolás Oriente";25-09-2026;22:53:56;285,79
"AUTOMAAS CHILE SPA";78343019-3;KZGL59;PA31;"Avenida Matta";"Avenida Matta";25-09-2026;22:56:46;368,93
"AUTOMAAS CHILE SPA";78343019-3;KZGL59;PA13;"Alameda - Rio Mapocho";"Alameda - Rio Mapocho";25-09-2026;22:58:38;181,86
"AUTOMAAS CHILE SPA";78343019-3;KZGL59;PA7;"Lo Espejo Oriente";"Lo Espejo Oriente";26-09-2026;01:48:27;452,06
"AUTOMAAS CHILE SPA";78343019-3;KZGL59;PA32;"Lo Blanco - Las Acacias";"Lo Blanco - Las Acacias";26-09-2026;04:17:20;176,67
"AUTOMAAS CHILE SPA";78343019-3;KZGL59;PA8;"Lo Espejo Poniente";"Lo Espejo Poniente";26-09-2026;22:57:56;452,06
"AUTOMAAS CHILE SPA";78343019-3;KZGL59;PA32;"Lo Blanco - Las Acacias";"Lo Blanco - Las Acacias";26-09-2026;22:58:59;176,67
"AUTOMAAS CHILE SPA";78343019-3;KZGL59;PA7;"Lo Espejo Oriente";"Lo Espejo Oriente";26-09-2026;23:54:17;452,06
"AUTOMAAS CHILE SPA";78343019-3;KZGL59;PA8;"Lo Espejo Poniente";"Lo Espejo Poniente";27-09-2026;01:09:02;452,06
"AUTOMAAS CHILE SPA";78343019-3;KZGL59;PA32;"Lo Blanco - Las Acacias";"Lo Blanco - Las Acacias";27-09-2026;01:10:06;176,67
"AUTOMAAS CHILE SPA";78343019-3;KZGL59;PA30;"Americo Vespucio - Departamental";"Americo Vespucio - Departamental";27-09-2026;01:44:43;392,83
"AUTOMAAS CHILE SPA";78343019-3;KZGL59;PA10;"La Marina San Nicolás Oriente";"La Marina San Nicolás Oriente";27-09-2026;01:45:26;285,79
"AUTOMAAS CHILE SPA";78343019-3;KZGL59;PA31;"Avenida Matta";"Avenida Matta";27-09-2026;01:47:14;368,93
"AUTOMAAS CHILE SPA";78343019-3;KZGL59;PA13;"Alameda - Rio Mapocho";"Alameda - Rio Mapocho";27-09-2026;01:48:46;181,86
"AUTOMAAS CHILE SPA";78343019-3;KZGL59;PA16;"Avda Santa María Oriente";"Avda Santa María Oriente";27-09-2026;01:51:32;425,04
"AUTOMAAS CHILE SPA";78343019-3;KZGL59;PA17;"Américo Vespucio Oriente";"Américo Vespucio Oriente";27-09-2026;01:55:12;462,46
"AUTOMAAS CHILE SPA";78343019-3;KZGL59;PA7;"Lo Espejo Oriente";"Lo Espejo Oriente";27-09-2026;04:23:11;452,06
"AUTOMAAS CHILE SPA";78343019-3;KZGL59;PA30;"Americo Vespucio - Departamental";"Americo Vespucio - Departamental";27-09-2026;04:47:57;392,83
"AUTOMAAS CHILE SPA";78343019-3;KZGL59;PA10;"La Marina San Nicolás Oriente";"La Marina San Nicolás Oriente";27-09-2026;04:48:35;285,79
"AUTOMAAS CHILE SPA";78343019-3;KZGL59;PA31;"Avenida Matta";"Avenida Matta";27-09-2026;04:50:11;368,93
"AUTOMAAS CHILE SPA";78343019-3;KZGL59;PA13;"Alameda - Rio Mapocho";"Alameda - Rio Mapocho";27-09-2026;04:51:25;181,86
"AUTOMAAS CHILE SPA";78343019-3;KZGL59;PA16;"Avda Santa María Oriente";"Avda Santa María Oriente";27-09-2026;04:53:48;425,04
"AUTOMAAS CHILE SPA";78343019-3;KZGL59;PA15;"Bulnes Poniente";"Bulnes Poniente";27-09-2026;05:14:50;425,04
"AUTOMAAS CHILE SPA";78343019-3;KZGL59;PA14;"Alameda Poniente";"Alameda Poniente";27-09-2026;05:16:36;181,86
"AUTOMAAS CHILE SPA";78343019-3;KZGL59;PA12;"Avda Matta Poniente";"Avda Matta Poniente";27-09-2026;05:17:55;368,93
"AUTOMAAS CHILE SPA";78343019-3;KZGL59;PA11;"La Marina San Nicolás Poniente";"La Marina San Nicolás Poniente";27-09-2026;05:19:50;285,79
