"NumeroRegistro";"TAG";"FechaHora";"Fecha";"Hora";"Patente";"PuntoCobro";"TipoHorario";"Categoria";"DescImporte";"Importe";"NombreCorto"
1;"85230128309";28/08/2026 06:34:00;"28-08-2026";"06:34";"LDWP36";"P4 PO";"TBFP  ";"Categoría 2";"$  826,00";826;"CN"
2;"85230128309";28/08/2026 06:37:00;"28-08-2026";"06:37";"LDWP36";"P3 PO";"TBFP  ";"Categoría 2";"$  612,00";612;"CN"
3;"85230128309";28/08/2026 06:40:00;"28-08-2026";"06:40";"LDWP36";"P2.2PO";"TBFP  ";"Categoría 1";"$  264,00";264;"CN"
4;"85230128309";28/08/2026 06:43:00;"28-08-2026";"06:43";"LDWP36";"P1 P O";"TBFP  ";"Categoría 1";"$  449,00";449;"CN"
5;"85230128309";28/08/2026 06:44:00;"28-08-2026";"06:44";"LDWP36";"P0 PO";"TBFP  ";"Categoría 1";"$  149,00";149;"CN"
6;"85230128309";28/08/2026 07:09:00;"28-08-2026";"07:09";"LDWP36";"P7 OP";"TBP  ";"Categoría 1";"$  481,00";481;"CN"
7;"85230128309";28/08/2026 07:12:00;"28-08-2026";"07:12";"LDWP36";"P8.0OP";"TBP  ";"Categoría 1";"$  1.124,00";1124;"CN"
8;"85230128309";28/08/2026 07:14:00;"28-08-2026";"07:14";"LDWP36";"P3 OP";"TBP  ";"Categoría 1";"$  1.384,00";1384;"CN"
9;"85230128259";28/08/2026 08:56:00;"28-08-2026";"08:56";"KDRJ20";"P5 OP";"TBFP  ";"Categoría 1";"$  715,00";715;"CN"
10;"85230128259";28/08/2026 12:56:00;"28-08-2026";"12:56";"KDRJ20";"P5 OP";"TBP  ";"Categoría 1";"$  1.378,00";1378;"CN"
11;"85230128259";28/08/2026 13:41:00;"28-08-2026";"13:41";"KDRJ20";"P9 PO";"TBP  ";"Categoría 1";"$  1.030,00";1030;"CN"
12;"85230128259";28/08/2026 13:43:00;"28-08-2026";"13:43";"KDRJ20";"P6.2PO";"TBP  ";"Categoría 1";"$  702,00";702;"CN"
13;"85230128259";28/08/2026 13:44:00;"28-08-2026";"13:44";"KDRJ20";"P6.1PO";"TBP  ";"Categoría 1";"$  461,00";461;"CN"
14;"85230128259";28/08/2026 13:49:00;"28-08-2026";"13:49";"KDRJ20";"P5 PO";"TBP  ";"Categoría 1";"$  1.378,00";1378;"CN"
15;"85230128309";29/08/2026 06:29:00;"29-08-2026";"06:29";"LDWP36";"P4 PO";"TBFP  ";"Categoría 1";"$  413,00";413;"CN"
16;"85230128309";29/08/2026 06:31:00;"29-08-2026";"06:31";"LDWP36";"P3 PO";"TBFP  ";"Categoría 2";"$  612,00";612;"CN"
17;"85230128309";29/08/2026 06:34:00;"29-08-2026";"06:34";"LDWP36";"P2.2PO";"TBFP  ";"Categoría 1";"$  264,00";264;"CN"
18;"85230128309";29/08/2026 06:35:00;"29-08-2026";"06:35";"LDWP36";"P2.1PO";"TBFP  ";"Categoría 1";"$  425,00";425;"CN"
19;"85230128309";29/08/2026 06:38:00;"29-08-2026";"06:38";"LDWP36";"P1 P O";"TBFP  ";"Categoría 2";"$  898,00";898;"CN"
20;"85230128309";29/08/2026 06:39:00;"29-08-2026";"06:39";"LDWP36";"P0 PO";"TBFP  ";"Categoría 1";"$  149,00";149;"CN"
21;"85270102222";29/08/2026 10:27:00;"29-08-2026";"10:27";"KXZS95";"P6.1PO";"TBFP  ";"Categoría 1";"$  239,00";239;"CN"
22;"85230128259";29/08/2026 17:43:00;"29-08-2026";"17:43";"KDRJ20";"P6.2PO";"TBFP  ";"Categoría 1";"$  364,00";364;"CN"
23;"85230128259";29/08/2026 17:45:00;"29-08-2026";"17:45";"KDRJ20";"P6.1PO";"TBFP  ";"Categoría 1";"$  239,00";239;"CN"
24;"85230128309";29/08/2026 19:33:00;"29-08-2026";"19:33";"LDWP36";"P6.1OP";"TBFP  ";"Categoría 1";"$  239,00";239;"CN"
25;"85230128309";29/08/2026 19:35:00;"29-08-2026";"19:35";"LDWP36";"P6.2OP";"TBFP  ";"Categoría 1";"$  364,00";364;"CN"
26;"85270102222";29/08/2026 21:01:00;"29-08-2026";"21:01";"KXZS95";"P6.1PO";"TBFP  ";"Categoría 1";"$  239,00";239;"CN"
27;"85270102222";29/08/2026 21:05:00;"29-08-2026";"21:05";"KXZS95";"P5 PO";"TBFP  ";"Categoría 1";"$  715,00";715;"CN"
28;"85270102222";29/08/2026 21:06:00;"29-08-2026";"21:06";"KXZS95";"P4 PO";"TBFP  ";"Categoría 1";"$  413,00";413;"CN"
29;"85270102222";29/08/2026 21:09:00;"29-08-2026";"21:09";"KXZS95";"P3 PO";"TBFP  ";"Categoría 1";"$  306,00";306;"CN"
30;"85270102222";29/08/2026 21:10:00;"29-08-2026";"21:10";"KXZS95";"P8.0PO";"TBFP  ";"Categoría 1";"$  583,00";583;"CN"
31;"85270102222";29/08/2026 21:44:00;"29-08-2026";"21:44";"KXZS95";"P7 OP";"TBFP  ";"Categoría 1";"$  250,00";250;"CN"
32;"85270102222";29/08/2026 21:48:00;"29-08-2026";"21:48";"KXZS95";"P8.0OP";"TBFP  ";"Categoría 1";"$  583,00";583;"CN"
33;"85270102222";29/08/2026 21:49:00;"29-08-2026";"21:49";"KXZS95";"P3 OP";"TBFP  ";"Categoría 1";"$  719,00";719;"CN"
34;"85230128168";30/08/2026 04:15:00;"30-08-2026";"04:15";"LPPZ31";"P3 OP";"TBFP  ";"Categoría 1";"$  719,00";719;"CN"
35;"85230128168";30/08/2026 06:37:00;"30-08-2026";"06:37";"LPPZ31";"P4 PO";"TBFP  ";"Categoría 1";"$  413,00";413;"CN"
36;"85230128168";30/08/2026 06:40:00;"30-08-2026";"06:40";"LPPZ31";"P3 PO";"TBFP  ";"Categoría 1";"$  306,00";306;"CN"
37;"85230128168";30/08/2026 06:43:00;"30-08-2026";"06:43";"LPPZ31";"P2.2PO";"TBFP  ";"Categoría 1";"$  264,00";264;"CN"
38;"85230128168";30/08/2026 06:44:00;"30-08-2026";"06:44";"LPPZ31";"P2.1PO";"TBFP  ";"Categoría 1";"$  425,00";425;"CN"
39;"85230128168";30/08/2026 06:48:00;"30-08-2026";"06:48";"LPPZ31";"P1 P O";"TBFP  ";"Categoría 1";"$  449,00";449;"CN"
40;"85230128168";30/08/2026 06:50:00;"30-08-2026";"06:50";"LPPZ31";"P0 PO";"TBFP  ";"Categoría 1";"$  149,00";149;"CN"
41;"85230128168";30/08/2026 08:25:00;"30-08-2026";"08:25";"LPPZ31";"P7 OP";"TBFP  ";"Categoría 1";"$  250,00";250;"CN"
42;"85230128168";30/08/2026 08:28:00;"30-08-2026";"08:28";"LPPZ31";"P8.0OP";"TBFP  ";"Categoría 1";"$  583,00";583;"CN"
43;"85230128168";30/08/2026 08:30:00;"30-08-2026";"08:30";"LPPZ31";"P3 OP";"TBFP  ";"Categoría 1";"$  719,00";719;"CN"
44;"85230128309";30/08/2026 08:38:00;"30-08-2026";"08:38";"LDWP36";"P5 PO";"TBFP  ";"Categoría 1";"$  715,00";715;"CN"
45;"85270102222";30/08/2026 13:18:00;"30-08-2026";"13:18";"KXZS95";"P6.1PO";"TBFP  ";"Categoría 1";"$  239,00";239;"CN"
46;"85230128168";30/08/2026 18:13:00;"30-08-2026";"18:13";"LPPZ31";"P6.2PO";"TBFP  ";"Categoría 1";"$  364,00";364;"CN"
47;"85230128168";30/08/2026 18:14:00;"30-08-2026";"18:14";"LPPZ31";"P6.1PO";"TBFP  ";"Categoría 1";"$  239,00";239;"CN"
48;"85230128309";30/08/2026 20:25:00;"30-08-2026";"20:25";"LDWP36";"P4 PO";"TBFP  ";"Categoría 1";"$  413,00";413;"CN"
49;"85230128135";30/08/2026 21:07:00;"30-08-2026";"21:07";"LKGZ52";"P4 PO";"TBFP  ";"Categoría 1";"$  413,00";413;"CN"
50;"85230128135";30/08/2026 21:09:00;"30-08-2026";"21:09";"LKGZ52";"P3 PO";"TBFP  ";"Categoría 1";"$  306,00";306;"CN"
51;"85230128135";30/08/2026 21:11:00;"30-08-2026";"21:11";"LKGZ52";"P8.0PO";"TBFP  ";"Categoría 1";"$  583,00";583;"CN"
52;"85230128135";30/08/2026 21:15:00;"30-08-2026";"21:15";"LKGZ52";"P7 PO";"TBFP  ";"Categoría 1";"$  250,00";250;"CN"
53;"85230128135";30/08/2026 21:44:00;"30-08-2026";"21:44";"LKGZ52";"P7 OP";"TBFP  ";"Categoría 1";"$  250,00";250;"CN"
54;"85230128135";30/08/2026 21:47:00;"30-08-2026";"21:47";"LKGZ52";"P8.0OP";"TBFP  ";"Categoría 1";"$  583,00";583;"CN"
55;"85230128135";30/08/2026 21:49:00;"30-08-2026";"21:49";"LKGZ52";"P3 OP";"TBFP  ";"Categoría 1";"$  719,00";719;"CN"
56;"85230128309";31/08/2026 06:37:00;"31-08-2026";"06:37";"LDWP36";"P4 PO";"TBFP  ";"Categoría 1";"$  413,00";413;"CN"
57;"85230128309";31/08/2026 06:41:00;"31-08-2026";"06:41";"LDWP36";"P3 PO";"TBFP  ";"Categoría 2";"$  612,00";612;"CN"
58;"85230128309";31/08/2026 06:44:00;"31-08-2026";"06:44";"LDWP36";"P2.2PO";"TBFP  ";"Categoría 1";"$  264,00";264;"CN"
59;"85230128309";31/08/2026 06:45:00;"31-08-2026";"06:45";"LDWP36";"P2.1PO";"TBFP  ";"Categoría 2";"$  851,00";851;"CN"
60;"85230128309";31/08/2026 06:48:00;"31-08-2026";"06:48";"LDWP36";"P1 P O";"TBFP  ";"Categoría 1";"$  449,00";449;"CN"
61;"85230128309";31/08/2026 06:49:00;"31-08-2026";"06:49";"LDWP36";"P0 PO";"TBFP  ";"Categoría 1";"$  149,00";149;"CN"
62;"85230128309";31/08/2026 07:19:00;"31-08-2026";"07:19";"LDWP36";"P7 OP";"TBP  ";"Categoría 1";"$  481,00";481;"CN"
63;"85230128309";31/08/2026 07:23:00;"31-08-2026";"07:23";"LDWP36";"P8.0OP";"TBP  ";"Categoría 1";"$  1.124,00";1124;"CN"
64;"85230128259";31/08/2026 07:25:00;"31-08-2026";"07:25";"KDRJ20";"EV";"TBP  ";"Categoría 1";"$  229,00";229;"CN"
65;"85230128309";31/08/2026 07:26:00;"31-08-2026";"07:26";"LDWP36";"P3 OP";"TBP  ";"Categoría 1";"$  1.384,00";1384;"CN"
66;"85270102222";31/08/2026 09:14:00;"31-08-2026";"09:14";"KXZS95";"P6.2PO";"TBP  ";"Categoría 1";"$  702,00";702;"CN"
67;"85270102222";31/08/2026 09:15:00;"31-08-2026";"09:15";"KXZS95";"P6.1PO";"TBP  ";"Categoría 1";"$  461,00";461;"CN"
68;"85230128267";31/08/2026 18:40:00;"31-08-2026";"18:40";"HXJJ44";"P6.2PO";"TBFP  ";"Categoría 1";"$  364,00";364;"CN"
69;"85230128267";31/08/2026 18:42:00;"31-08-2026";"18:42";"HXJJ44";"P6.1PO";"TBFP  ";"Categoría 1";"$  239,00";239;"CN"
70;"85230128309";31/08/2026 20:27:00;"31-08-2026";"20:27";"LDWP36";"P4 PO";"TBP  ";"Categoría 1";"$  795,00";795;"CN"
71;"85270102222";31/08/2026 23:27:00;"31-08-2026";"23:27";"KXZS95";"P6.1PO";"TBFP  ";"Categoría 1";"$  239,00";239;"CN"
72;"85230128168";01/09/2026 06:38:00;"01-09-2026";"06:38";"LPPZ31";"P4 PO";"TBFP  ";"Categoría 1";"$  413,00";413;"CN"
73;"85230128168";01/09/2026 06:41:00;"01-09-2026";"06:41";"LPPZ31";"P3 PO";"TBFP  ";"Categoría 1";"$  306,00";306;"CN"
74;"85230128168";01/09/2026 06:44:00;"01-09-2026";"06:44";"LPPZ31";"P2.2PO";"TBFP  ";"Categoría 1";"$  264,00";264;"CN"
75;"85230128168";01/09/2026 06:45:00;"01-09-2026";"06:45";"LPPZ31";"P2.1PO";"TBFP  ";"Categoría 1";"$  425,00";425;"CN"
76;"85230128168";01/09/2026 06:48:00;"01-09-2026";"06:48";"LPPZ31";"P1 P O";"TBFP  ";"Categoría 1";"$  449,00";449;"CN"
77;"85230128168";01/09/2026 06:50:00;"01-09-2026";"06:50";"LPPZ31";"P0 PO";"TBFP  ";"Categoría 1";"$  149,00";149;"CN"
78;"85230128168";01/09/2026 06:55:00;"01-09-2026";"06:55";"LPPZ31";"P0 OP";"TBFP  ";"Categoría 1";"$  149,00";149;"CN"
79;"85230128168";01/09/2026 06:56:00;"01-09-2026";"06:56";"LPPZ31";"P1 O P";"TBFP  ";"Categoría 1";"$  449,00";449;"CN"
80;"85230128168";01/09/2026 06:59:00;"01-09-2026";"06:59";"LPPZ31";"P2.1OP";"TBFP  ";"Categoría 1";"$  425,00";425;"CN"
81;"85230128168";01/09/2026 06:59:00;"01-09-2026";"06:59";"LPPZ31";"P2.2OP";"TBFP  ";"Categoría 1";"$  264,00";264;"CN"
82;"85230128168";01/09/2026 07:02:00;"01-09-2026";"07:02";"LPPZ31";"P3 OP";"TBP  ";"Categoría 1";"$  1.384,00";1384;"CN"
83;"85270102222";01/09/2026 09:36:00;"01-09-2026";"09:36";"KXZS95";"P6.2PO";"TBP  ";"Categoría 1";"$  702,00";702;"CN"
84;"85270102222";01/09/2026 09:37:00;"01-09-2026";"09:37";"KXZS95";"P6.1PO";"TBP  ";"Categoría 1";"$  461,00";461;"CN"
85;"85230128267";01/09/2026 18:46:00;"01-09-2026";"18:46";"HXJJ44";"P6.2PO";"TBFP  ";"Categoría 1";"$  364,00";364;"CN"
86;"85230128267";01/09/2026 18:48:00;"01-09-2026";"18:48";"HXJJ44";"P6.1PO";"TBFP  ";"Categoría 1";"$  239,00";239;"CN"
87;"85230128275";01/09/2026 21:46:00;"01-09-2026";"21:46";"CYPW26";"P7 OP";"TBFP  ";"Categoría 1";"$  250,00";250;"CN"
88;"85230128275";01/09/2026 21:51:00;"01-09-2026";"21:51";"CYPW26";"P8.0OP";"TBFP  ";"Categoría 1";"$  583,00";583;"CN"
89;"85230128275";01/09/2026 21:53:00;"01-09-2026";"21:53";"CYPW26";"P3 OP";"TBFP  ";"Categoría 1";"$  719,00";719;"CN"
90;"85270102222";01/09/2026 22:37:00;"01-09-2026";"22:37";"KXZS95";"P6.1PO";"TBFP  ";"Categoría 1";"$  239,00";239;"CN"
91;"85270102222";01/09/2026 23:14:00;"01-09-2026";"23:14";"KXZS95";"P6.1PO";"TBFP  ";"Categoría 1";"$  239,00";239;"CN"
92;"85270102222";01/09/2026 23:18:00;"01-09-2026";"23:18";"KXZS95";"P5 PO";"TBFP  ";"Categoría 1";"$  715,00";715;"CN"
93;"85230128309";02/09/2026 06:35:00;"02-09-2026";"06:35";"LDWP36";"P4 PO";"TBFP  ";"Categoría 1";"$  413,00";413;"CN"
94;"85230128309";02/09/2026 06:38:00;"02-09-2026";"06:38";"LDWP36";"P3 PO";"TBFP  ";"Categoría 1";"$  306,00";306;"CN"
95;"85230128309";02/09/2026 06:41:00;"02-09-2026";"06:41";"LDWP36";"P2.2PO";"TBFP  ";"Categoría 1";"$  264,00";264;"CN"
96;"85230128309";02/09/2026 06:42:00;"02-09-2026";"06:42";"LDWP36";"P2.1PO";"TBFP  ";"Categoría 1";"$  425,00";425;"CN"
97;"85230128309";02/09/2026 06:45:00;"02-09-2026";"06:45";"LDWP36";"P1 P O";"TBFP  ";"Categoría 1";"$  449,00";449;"CN"
98;"85230128309";02/09/2026 06:46:00;"02-09-2026";"06:46";"LDWP36";"P0 PO";"TBFP  ";"Categoría 1";"$  149,00";149;"CN"
99;"85230128309";02/09/2026 07:07:00;"02-09-2026";"07:07";"LDWP36";"P7 OP";"TBP  ";"Categoría 1";"$  481,00";481;"CN"
100;"85230128309";02/09/2026 07:10:00;"02-09-2026";"07:10";"LDWP36";"P8.0OP";"TBP  ";"Categoría 1";"$  1.124,00";1124;"CN"
101;"85230128309";02/09/2026 07:13:00;"02-09-2026";"07:13";"LDWP36";"P3 OP";"TBP  ";"Categoría 1";"$  1.384,00";1384;"CN"
102;"85230128168";02/09/2026 09:29:00;"02-09-2026";"09:29";"LPPZ31";"P6.2PO";"TBP  ";"Categoría 1";"$  702,00";702;"CN"
103;"85230128168";02/09/2026 09:31:00;"02-09-2026";"09:31";"LPPZ31";"P6.1PO";"TBP  ";"Categoría 1";"$  461,00";461;"CN"
104;"85230128168";02/09/2026 09:50:00;"02-09-2026";"09:50";"LPPZ31";"P5 PO";"TBP  ";"Categoría 1";"$  1.378,00";1378;"CN"
105;"85270102222";02/09/2026 14:09:00;"02-09-2026";"14:09";"KXZS95";"P9 PO";"TBP  ";"Categoría 1";"$  1.030,00";1030;"CN"
106;"85270102222";02/09/2026 14:10:00;"02-09-2026";"14:10";"KXZS95";"P6.2PO";"TBP  ";"Categoría 1";"$  702,00";702;"CN"
107;"85270102222";02/09/2026 14:12:00;"02-09-2026";"14:12";"KXZS95";"P6.1PO";"TBP  ";"Categoría 1";"$  461,00";461;"CN"
108;"85270102222";02/09/2026 14:17:00;"02-09-2026";"14:17";"KXZS95";"P5 PO";"TBP  ";"Categoría 1";"$  1.378,00";1378;"CN"
109;"85230128309";02/09/2026 20:26:00;"02-09-2026";"20:26";"LDWP36";"P4 PO";"TBP  ";"Categoría 1";"$  795,00";795;"CN"
110;"85230128309";03/09/2026 06:33:00;"03-09-2026";"06:33";"LDWP36";"P4 PO";"TBFP  ";"Categoría 1";"$  413,00";413;"CN"
111;"85230128309";03/09/2026 06:35:00;"03-09-2026";"06:35";"LDWP36";"P3 PO";"TBFP  ";"Categoría 1";"$  306,00";306;"CN"
112;"85230128309";03/09/2026 06:38:00;"03-09-2026";"06:38";"LDWP36";"P2.2PO";"TBFP  ";"Categoría 1";"$  264,00";264;"CN"
113;"85230128309";03/09/2026 06:39:00;"03-09-2026";"06:39";"LDWP36";"P2.1PO";"TBFP  ";"Categoría 1";"$  425,00";425;"CN"
114;"85230128309";03/09/2026 06:42:00;"03-09-2026";"06:42";"LDWP36";"P1 P O";"TBFP  ";"Categoría 1";"$  449,00";449;"CN"
115;"85230128309";03/09/2026 06:43:00;"03-09-2026";"06:43";"LDWP36";"P0 PO";"TBFP  ";"Categoría 1";"$  149,00";149;"CN"
116;"85230128309";03/09/2026 07:04:00;"03-09-2026";"07:04";"LDWP36";"P7 OP";"TBP  ";"Categoría 1";"$  481,00";481;"CN"
117;"85230128309";03/09/2026 07:08:00;"03-09-2026";"07:08";"LDWP36";"P8.0OP";"TBP  ";"Categoría 1";"$  1.124,00";1124;"CN"
118;"85230128309";03/09/2026 07:10:00;"03-09-2026";"07:10";"LDWP36";"P3 OP";"TBP  ";"Categoría 1";"$  1.384,00";1384;"CN"
119;"85230128275";03/09/2026 13:41:00;"03-09-2026";"13:41";"CYPW26";"P9 PO";"TBP  ";"Categoría 1";"$  1.030,00";1030;"CN"
120;"85230128275";03/09/2026 13:43:00;"03-09-2026";"13:43";"CYPW26";"P6.2PO";"TBP  ";"Categoría 1";"$  702,00";702;"CN"
121;"85230128275";03/09/2026 13:44:00;"03-09-2026";"13:44";"CYPW26";"P6.1PO";"TBP  ";"Categoría 1";"$  461,00";461;"CN"
122;"85230128275";03/09/2026 13:49:00;"03-09-2026";"13:49";"CYPW26";"P5 PO";"TBP  ";"Categoría 1";"$  1.378,00";1378;"CN"
123;"85230128267";03/09/2026 18:45:00;"03-09-2026";"18:45";"HXJJ44";"P6.2PO";"TBFP  ";"Categoría 1";"$  364,00";364;"CN"
124;"85230128267";03/09/2026 18:47:00;"03-09-2026";"18:47";"HXJJ44";"P6.1PO";"TBFP  ";"Categoría 1";"$  239,00";239;"CN"
125;"85230128309";03/09/2026 19:09:00;"03-09-2026";"19:09";"LDWP36";"P6.1OP";"TBP  ";"Categoría 2";"$  922,00";922;"CN"
126;"85230128309";03/09/2026 19:10:00;"03-09-2026";"19:10";"LDWP36";"P6.2OP";"TBP  ";"Categoría 2";"$  1.404,00";1404;"CN"
127;"85270102222";03/09/2026 21:47:00;"03-09-2026";"21:47";"KXZS95";"P7 OP";"TBFP  ";"Categoría 1";"$  250,00";250;"CN"
128;"85270102222";03/09/2026 21:51:00;"03-09-2026";"21:51";"KXZS95";"P8.0OP";"TBFP  ";"Categoría 1";"$  583,00";583;"CN"
129;"85270102222";03/09/2026 21:54:00;"03-09-2026";"21:54";"KXZS95";"P3 OP";"TBFP  ";"Categoría 1";"$  719,00";719;"CN"
130;"85230128267";03/09/2026 22:32:00;"03-09-2026";"22:32";"HXJJ44";"P6.1OP";"TBFP  ";"Categoría 1";"$  239,00";239;"CN"
131;"85230128267";03/09/2026 22:49:00;"03-09-2026";"22:49";"HXJJ44";"P6.1PO";"TBFP  ";"Categoría 1";"$  239,00";239;"CN"
132;"85270102222";04/09/2026 04:16:00;"04-09-2026";"04:16";"KXZS95";"P6.1PO";"TBFP  ";"Categoría 1";"$  239,00";239;"CN"
133;"85270102222";04/09/2026 04:20:00;"04-09-2026";"04:20";"KXZS95";"P5 PO";"TBFP  ";"Categoría 1";"$  715,00";715;"CN"
134;"85230128309";04/09/2026 06:31:00;"04-09-2026";"06:31";"LDWP36";"P4 PO";"TBFP  ";"Categoría 2";"$  826,00";826;"CN"
135;"85230128309";04/09/2026 06:34:00;"04-09-2026";"06:34";"LDWP36";"P3 PO";"TBFP  ";"Categoría 1";"$  306,00";306;"CN"
136;"85230128309";04/09/2026 06:36:00;"04-09-2026";"06:36";"LDWP36";"P2.2PO";"TBFP  ";"Categoría 1";"$  264,00";264;"CN"
137;"85230128309";04/09/2026 06:37:00;"04-09-2026";"06:37";"LDWP36";"P2.1PO";"TBFP  ";"Categoría 2";"$  851,00";851;"CN"
138;"85230128309";04/09/2026 06:40:00;"04-09-2026";"06:40";"LDWP36";"P1 P O";"TBFP  ";"Categoría 1";"$  449,00";449;"CN"
139;"85230128309";04/09/2026 06:41:00;"04-09-2026";"06:41";"LDWP36";"P0 PO";"TBFP  ";"Categoría 1";"$  149,00";149;"CN"
140;"85230128309";04/09/2026 07:03:00;"04-09-2026";"07:03";"LDWP36";"P7 OP";"TBP  ";"Categoría 2";"$  963,00";963;"CN"
141;"85230128309";04/09/2026 07:06:00;"04-09-2026";"07:06";"LDWP36";"P8.0OP";"TBP  ";"Categoría 1";"$  1.124,00";1124;"CN"
142;"85230128309";04/09/2026 07:08:00;"04-09-2026";"07:08";"LDWP36";"P3 OP";"TBP  ";"Categoría 2";"$  2.768,00";2768;"CN"
143;"85230128267";04/09/2026 13:44:00;"04-09-2026";"13:44";"HXJJ44";"P9 PO";"TBP  ";"Categoría 1";"$  1.030,00";1030;"CN"
144;"85230128267";04/09/2026 13:45:00;"04-09-2026";"13:45";"HXJJ44";"P6.2PO";"TBP  ";"Categoría 1";"$  702,00";702;"CN"
145;"85230128267";04/09/2026 13:48:00;"04-09-2026";"13:48";"HXJJ44";"P6.1PO";"TBP  ";"Categoría 1";"$  461,00";461;"CN"
146;"85230128267";04/09/2026 13:52:00;"04-09-2026";"13:52";"HXJJ44";"P5 PO";"TBP  ";"Categoría 1";"$  1.378,00";1378;"CN"
147;"85230128309";04/09/2026 19:18:00;"04-09-2026";"19:18";"LDWP36";"P6.1OP";"TBP  ";"Categoría 1";"$  461,00";461;"CN"
148;"85230128309";04/09/2026 19:20:00;"04-09-2026";"19:20";"LDWP36";"P6.2OP";"TBP  ";"Categoría 1";"$  702,00";702;"CN"
149;"85230128168";04/09/2026 21:46:00;"04-09-2026";"21:46";"LPPZ31";"P7 OP";"TBFP  ";"Categoría 1";"$  250,00";250;"CN"
150;"85230128168";04/09/2026 21:50:00;"04-09-2026";"21:50";"LPPZ31";"P8.0OP";"TBFP  ";"Categoría 1";"$  583,00";583;"CN"
151;"85230128168";04/09/2026 21:52:00;"04-09-2026";"21:52";"LPPZ31";"P3 OP";"TBFP  ";"Categoría 1";"$  719,00";719;"CN"
152;"85230128309";05/09/2026 06:30:00;"05-09-2026";"06:30";"LDWP36";"P4 PO";"TBFP  ";"Categoría 2";"$  826,00";826;"CN"
153;"85230128309";05/09/2026 06:32:00;"05-09-2026";"06:32";"LDWP36";"P3 PO";"TBFP  ";"Categoría 1";"$  306,00";306;"CN"
154;"85230128309";05/09/2026 06:35:00;"05-09-2026";"06:35";"LDWP36";"P2.2PO";"TBFP  ";"Categoría 1";"$  264,00";264;"CN"
155;"85230128309";05/09/2026 06:36:00;"05-09-2026";"06:36";"LDWP36";"P2.1PO";"TBFP  ";"Categoría 1";"$  425,00";425;"CN"
156;"85230128309";05/09/2026 06:38:00;"05-09-2026";"06:38";"LDWP36";"P1 P O";"TBFP  ";"Categoría 1";"$  449,00";449;"CN"
157;"85230128309";05/09/2026 06:40:00;"05-09-2026";"06:40";"LDWP36";"P0 PO";"TBFP  ";"Categoría 1";"$  149,00";149;"CN"
158;"85230128143";05/09/2026 08:39:00;"05-09-2026";"08:39";"LJDV98";"EV";"TBFP  ";"Categoría 1";"$  119,00";119;"CN"
159;"85270102222";05/09/2026 11:41:00;"05-09-2026";"11:41";"KXZS95";"P6.1PO";"TBFP  ";"Categoría 1";"$  239,00";239;"CN"
160;"85270102222";05/09/2026 11:46:00;"05-09-2026";"11:46";"KXZS95";"P5 PO";"TBFP  ";"Categoría 1";"$  715,00";715;"CN"
161;"85230128267";05/09/2026 18:34:00;"05-09-2026";"18:34";"HXJJ44";"P6.2PO";"TBFP  ";"Categoría 1";"$  364,00";364;"CN"
162;"85230128267";05/09/2026 18:36:00;"05-09-2026";"18:36";"HXJJ44";"P6.1PO";"TBFP  ";"Categoría 1";"$  239,00";239;"CN"
163;"85230128267";05/09/2026 18:57:00;"05-09-2026";"18:57";"HXJJ44";"P6.1OP";"TBFP  ";"Categoría 1";"$  239,00";239;"CN"
164;"85230128267";05/09/2026 18:58:00;"05-09-2026";"18:58";"HXJJ44";"P6.2OP";"TBFP  ";"Categoría 1";"$  364,00";364;"CN"
165;"85230128135";05/09/2026 22:11:00;"05-09-2026";"22:11";"LKGZ52";"P6.1OP";"TBFP  ";"Categoría 1";"$  239,00";239;"CN"
166;"85230128135";05/09/2026 22:25:00;"05-09-2026";"22:25";"LKGZ52";"P6.1PO";"TBFP  ";"Categoría 1";"$  239,00";239;"CN"
167;"85230128309";06/09/2026 06:26:00;"06-09-2026";"06:26";"LDWP36";"P4 PO";"TBFP  ";"Categoría 2";"$  826,00";826;"CN"
168;"85230128309";06/09/2026 06:28:00;"06-09-2026";"06:28";"LDWP36";"P3 PO";"TBFP  ";"Categoría 1";"$  306,00";306;"CN"
169;"85230128309";06/09/2026 06:31:00;"06-09-2026";"06:31";"LDWP36";"P2.2PO";"TBFP  ";"Categoría 1";"$  264,00";264;"CN"
170;"85230128309";06/09/2026 06:32:00;"06-09-2026";"06:32";"LDWP36";"P2.1PO";"TBFP  ";"Categoría 1";"$  425,00";425;"CN"
171;"85230128309";06/09/2026 06:34:00;"06-09-2026";"06:34";"LDWP36";"P1 P O";"TBFP  ";"Categoría 1";"$  449,00";449;"CN"
172;"85230128309";06/09/2026 06:36:00;"06-09-2026";"06:36";"LDWP36";"P0 PO";"TBFP  ";"Categoría 1";"$  149,00";149;"CN"
173;"85230128309";06/09/2026 06:43:00;"06-09-2026";"06:43";"LDWP36";"P0 OP";"TBFP  ";"Categoría 1";"$  149,00";149;"CN"
174;"85230128309";06/09/2026 06:45:00;"06-09-2026";"06:45";"LDWP36";"P1 O P";"TBFP  ";"Categoría 2";"$  898,00";898;"CN"
175;"85230128309";06/09/2026 06:47:00;"06-09-2026";"06:47";"LDWP36";"P2.1OP";"TBFP  ";"Categoría 2";"$  851,00";851;"CN"
176;"85230128309";06/09/2026 06:48:00;"06-09-2026";"06:48";"LDWP36";"P2.2OP";"TBFP  ";"Categoría 1";"$  264,00";264;"CN"
177;"85230128309";06/09/2026 06:51:00;"06-09-2026";"06:51";"LDWP36";"P3 OP";"TBFP  ";"Categoría 1";"$  719,00";719;"CN"
178;"85230128143";06/09/2026 08:45:00;"06-09-2026";"08:45";"LJDV98";"EV";"TBFP  ";"Categoría 1";"$  119,00";119;"CN"
179;"85230128143";06/09/2026 10:30:00;"06-09-2026";"10:30";"LJDV98";"P5 OP";"TBFP  ";"Categoría 1";"$  715,00";715;"CN"
180;"85270102222";06/09/2026 13:47:00;"06-09-2026";"13:47";"KXZS95";"P6.1PO";"TBFP  ";"Categoría 1";"$  239,00";239;"CN"
181;"85230128267";06/09/2026 18:26:00;"06-09-2026";"18:26";"HXJJ44";"P6.2PO";"TBFP  ";"Categoría 1";"$  364,00";364;"CN"
182;"85230128267";06/09/2026 18:28:00;"06-09-2026";"18:28";"HXJJ44";"P6.1PO";"TBFP  ";"Categoría 1";"$  239,00";239;"CN"
183;"85270102222";06/09/2026 23:25:00;"06-09-2026";"23:25";"KXZS95";"P6.1PO";"TBFP  ";"Categoría 1";"$  239,00";239;"CN"
184;"85270102222";07/09/2026 05:45:00;"07-09-2026";"05:45";"KXZS95";"P6.1PO";"TBFP  ";"Categoría 1";"$  239,00";239;"CN"
185;"85230128168";07/09/2026 06:39:00;"07-09-2026";"06:39";"LPPZ31";"P4 PO";"TBFP  ";"Categoría 1";"$  413,00";413;"CN"
186;"85230128168";07/09/2026 06:42:00;"07-09-2026";"06:42";"LPPZ31";"P3 PO";"TBFP  ";"Categoría 1";"$  306,00";306;"CN"
187;"85230128168";07/09/2026 06:45:00;"07-09-2026";"06:45";"LPPZ31";"P2.2PO";"TBFP  ";"Categoría 1";"$  264,00";264;"CN"
188;"85230128168";07/09/2026 06:46:00;"07-09-2026";"06:46";"LPPZ31";"P2.1PO";"TBFP  ";"Categoría 1";"$  425,00";425;"CN"
189;"85230128168";07/09/2026 06:49:00;"07-09-2026";"06:49";"LPPZ31";"P1 P O";"TBFP  ";"Categoría 1";"$  449,00";449;"CN"
190;"85230128168";07/09/2026 06:50:00;"07-09-2026";"06:50";"LPPZ31";"P0 PO";"TBFP  ";"Categoría 1";"$  149,00";149;"CN"
191;"85230128168";07/09/2026 07:15:00;"07-09-2026";"07:15";"LPPZ31";"P7 OP";"TBP  ";"Categoría 1";"$  481,00";481;"CN"
192;"85230128168";07/09/2026 07:19:00;"07-09-2026";"07:19";"LPPZ31";"P8.0OP";"TBP  ";"Categoría 1";"$  1.124,00";1124;"CN"
193;"85230128168";07/09/2026 07:22:00;"07-09-2026";"07:22";"LPPZ31";"P3 OP";"TBP  ";"Categoría 1";"$  1.384,00";1384;"CN"
194;"85230128168";07/09/2026 19:17:00;"07-09-2026";"19:17";"LPPZ31";"P5 PO";"TBFP  ";"Categoría 1";"$  715,00";715;"CN"
195;"85230128267";07/09/2026 22:04:00;"07-09-2026";"22:04";"HXJJ44";"EV";"TBFP  ";"Categoría 1";"$  119,00";119;"CN"
196;"85230128267";07/09/2026 22:05:00;"07-09-2026";"22:05";"HXJJ44";"P5 OP";"TBFP  ";"Categoría 1";"$  715,00";715;"CN"
197;"85270102222";07/09/2026 23:01:00;"07-09-2026";"23:01";"KXZS95";"P6.1PO";"TBFP  ";"Categoría 1";"$  239,00";239;"CN"
198;"85270102222";07/09/2026 23:05:00;"07-09-2026";"23:05";"KXZS95";"P5 PO";"TBFP  ";"Categoría 1";"$  715,00";715;"CN"
199;"85230128119";08/09/2026 00:43:00;"08-09-2026";"00:43";"KZGL59";"P7 OP";"TBFP  ";"Categoría 1";"$  250,00";250;"CN"
200;"85230128119";08/09/2026 00:49:00;"08-09-2026";"00:49";"KZGL59";"P8.0OP";"TBFP  ";"Categoría 1";"$  583,00";583;"CN"
201;"85230128119";08/09/2026 00:52:00;"08-09-2026";"00:52";"KZGL59";"P3 OP";"TBFP  ";"Categoría 1";"$  719,00";719;"CN"
202;"85230128309";08/09/2026 06:40:00;"08-09-2026";"06:40";"LDWP36";"P4 PO";"TBFP  ";"Categoría 1";"$  413,00";413;"CN"
203;"85230128309";08/09/2026 06:43:00;"08-09-2026";"06:43";"LDWP36";"P3 PO";"TBFP  ";"Categoría 1";"$  306,00";306;"CN"
204;"85230128309";08/09/2026 06:46:00;"08-09-2026";"06:46";"LDWP36";"P2.2PO";"TBFP  ";"Categoría 1";"$  264,00";264;"CN"
205;"85230128309";08/09/2026 06:47:00;"08-09-2026";"06:47";"LDWP36";"P2.1PO";"TBFP  ";"Categoría 1";"$  425,00";425;"CN"
206;"85230128309";08/09/2026 06:49:00;"08-09-2026";"06:49";"LDWP36";"P1 P O";"TBFP  ";"Categoría 1";"$  449,00";449;"CN"
207;"85230128309";08/09/2026 06:50:00;"08-09-2026";"06:50";"LDWP36";"P0 PO";"TBFP  ";"Categoría 1";"$  149,00";149;"CN"
208;"85230128309";08/09/2026 07:18:00;"08-09-2026";"07:18";"LDWP36";"P7 OP";"TBP  ";"Categoría 2";"$  963,00";963;"CN"
209;"85230128309";08/09/2026 07:22:00;"08-09-2026";"07:22";"LDWP36";"P8.0OP";"TBP  ";"Categoría 1";"$  1.124,00";1124;"CN"
210;"85230128309";08/09/2026 07:24:00;"08-09-2026";"07:24";"LDWP36";"P3 OP";"TBP  ";"Categoría 2";"$  2.768,00";2768;"CN"
211;"85230128168";08/09/2026 09:34:00;"08-09-2026";"09:34";"LPPZ31";"P6.2PO";"TBP  ";"Categoría 1";"$  702,00";702;"CN"
212;"85230128168";08/09/2026 09:36:00;"08-09-2026";"09:36";"LPPZ31";"P6.1PO";"TBP  ";"Categoría 1";"$  461,00";461;"CN"
213;"85230128168";08/09/2026 09:51:00;"08-09-2026";"09:51";"LPPZ31";"P6.1OP";"TBFP  ";"Categoría 1";"$  239,00";239;"CN"
214;"85230128168";08/09/2026 09:52:00;"08-09-2026";"09:52";"LPPZ31";"P6.2OP";"TBFP  ";"Categoría 1";"$  364,00";364;"CN"
215;"85230128267";08/09/2026 18:23:00;"08-09-2026";"18:23";"HXJJ44";"P6.2PO";"TBP  ";"Categoría 1";"$  702,00";702;"CN"
216;"85230128267";08/09/2026 18:25:00;"08-09-2026";"18:25";"HXJJ44";"P6.1PO";"TBP  ";"Categoría 1";"$  461,00";461;"CN"
217;"85230128309";08/09/2026 19:13:00;"08-09-2026";"19:13";"LDWP36";"P5 PO";"TBFP  ";"Categoría 1";"$  715,00";715;"CN"
218;"85230128309";08/09/2026 19:14:00;"08-09-2026";"19:14";"LDWP36";"P4 PO";"TS  ";"Categoría 1";"$  1.204,00";1204;"CN"
219;"85230128119";08/09/2026 21:51:00;"08-09-2026";"21:51";"KZGL59";"P7 OP";"TBFP  ";"Categoría 1";"$  250,00";250;"CN"
220;"85230128119";08/09/2026 21:55:00;"08-09-2026";"21:55";"KZGL59";"P8.0OP";"TBFP  ";"Categoría 1";"$  583,00";583;"CN"
221;"85230128119";08/09/2026 21:58:00;"08-09-2026";"21:58";"KZGL59";"P3 OP";"TBFP  ";"Categoría 1";"$  719,00";719;"CN"
222;"85230128168";08/09/2026 22:22:00;"08-09-2026";"22:22";"LPPZ31";"P6.1PO";"TBFP  ";"Categoría 1";"$  239,00";239;"CN"
223;"85230128309";09/09/2026 06:31:00;"09-09-2026";"06:31";"LDWP36";"P4 PO";"TBFP  ";"Categoría 2";"$  826,00";826;"CN"
224;"85230128309";09/09/2026 06:34:00;"09-09-2026";"06:34";"LDWP36";"P3 PO";"TBFP  ";"Categoría 1";"$  306,00";306;"CN"
225;"85230128309";09/09/2026 06:37:00;"09-09-2026";"06:37";"LDWP36";"P2.2PO";"TBFP  ";"Categoría 1";"$  264,00";264;"CN"
226;"85230128309";09/09/2026 06:38:00;"09-09-2026";"06:38";"LDWP36";"P2.1PO";"TBFP  ";"Categoría 1";"$  425,00";425;"CN"
227;"85230128309";09/09/2026 06:40:00;"09-09-2026";"06:40";"LDWP36";"P1 P O";"TBFP  ";"Categoría 1";"$  449,00";449;"CN"
228;"85230128309";09/09/2026 06:42:00;"09-09-2026";"06:42";"LDWP36";"P0 PO";"TBFP  ";"Categoría 1";"$  149,00";149;"CN"
229;"85230128309";09/09/2026 07:02:00;"09-09-2026";"07:02";"LDWP36";"P7 OP";"TBP  ";"Categoría 1";"$  481,00";481;"CN"
230;"85230128309";09/09/2026 07:06:00;"09-09-2026";"07:06";"LDWP36";"P8.0OP";"TBP  ";"Categoría 1";"$  1.124,00";1124;"CN"
231;"85230128309";09/09/2026 07:08:00;"09-09-2026";"07:08";"LDWP36";"P3 OP";"TBP  ";"Categoría 1";"$  1.384,00";1384;"CN"
232;"85270102222";09/09/2026 09:26:00;"09-09-2026";"09:26";"KXZS95";"P6.2PO";"TBP  ";"Categoría 1";"$  702,00";702;"CN"
233;"85270102222";09/09/2026 09:27:00;"09-09-2026";"09:27";"KXZS95";"P6.1PO";"TBP  ";"Categoría 1";"$  461,00";461;"CN"
234;"85230128267";09/09/2026 13:02:00;"09-09-2026";"13:02";"HXJJ44";"P5 OP";"TBP  ";"Categoría 1";"$  1.378,00";1378;"CN"
235;"85230128168";09/09/2026 18:15:00;"09-09-2026";"18:15";"LPPZ31";"P6.2PO";"TBP  ";"Categoría 1";"$  702,00";702;"CN"
236;"85230128168";09/09/2026 18:17:00;"09-09-2026";"18:17";"LPPZ31";"P6.1PO";"TBP  ";"Categoría 1";"$  461,00";461;"CN"
237;"85230128309";09/09/2026 19:11:00;"09-09-2026";"19:11";"LDWP36";"P5 PO";"TBFP  ";"Categoría 1";"$  715,00";715;"CN"
238;"85230128309";09/09/2026 19:12:00;"09-09-2026";"19:12";"LDWP36";"P4 PO";"TS  ";"Categoría 1";"$  1.204,00";1204;"CN"
239;"85230128119";09/09/2026 21:44:00;"09-09-2026";"21:44";"KZGL59";"P7 OP";"TBFP  ";"Categoría 1";"$  250,00";250;"CN"
240;"85230128119";09/09/2026 21:49:00;"09-09-2026";"21:49";"KZGL59";"P8.0OP";"TBFP  ";"Categoría 1";"$  583,00";583;"CN"
241;"85230128119";09/09/2026 21:51:00;"09-09-2026";"21:51";"KZGL59";"P3 OP";"TBFP  ";"Categoría 1";"$  719,00";719;"CN"
242;"85270102222";09/09/2026 22:27:00;"09-09-2026";"22:27";"KXZS95";"P6.1PO";"TBFP  ";"Categoría 1";"$  239,00";239;"CN"
243;"85230128150";10/09/2026 03:46:00;"10-09-2026";"03:46";"LPPZ24";"P5 OP";"TBFP  ";"Categoría 1";"$  715,00";715;"CN"
244;"85230128309";10/09/2026 06:38:00;"10-09-2026";"06:38";"LDWP36";"P4 PO";"TBFP  ";"Categoría 2";"$  826,00";826;"CN"
245;"85230128309";10/09/2026 06:41:00;"10-09-2026";"06:41";"LDWP36";"P3 PO";"TBFP  ";"Categoría 2";"$  612,00";612;"CN"
246;"85230128309";10/09/2026 06:44:00;"10-09-2026";"06:44";"LDWP36";"P2.2PO";"TBFP  ";"Categoría 1";"$  264,00";264;"CN"
247;"85230128309";10/09/2026 06:45:00;"10-09-2026";"06:45";"LDWP36";"P2.1PO";"TBFP  ";"Categoría 2";"$  851,00";851;"CN"
248;"85230128309";10/09/2026 06:48:00;"10-09-2026";"06:48";"LDWP36";"P1 P O";"TBFP  ";"Categoría 2";"$  898,00";898;"CN"
249;"85230128309";10/09/2026 06:49:00;"10-09-2026";"06:49";"LDWP36";"P0 PO";"TBFP  ";"Categoría 1";"$  149,00";149;"CN"
250;"85230128309";10/09/2026 07:09:00;"10-09-2026";"07:09";"LDWP36";"P7 OP";"TBP  ";"Categoría 1";"$  481,00";481;"CN"
251;"85230128309";10/09/2026 07:12:00;"10-09-2026";"07:12";"LDWP36";"P8.0OP";"TBP  ";"Categoría 2";"$  2.248,00";2248;"CN"
252;"85230128309";10/09/2026 07:15:00;"10-09-2026";"07:15";"LDWP36";"P3 OP";"TBP  ";"Categoría 1";"$  1.384,00";1384;"CN"
253;"85270102222";10/09/2026 09:07:00;"10-09-2026";"09:07";"KXZS95";"P6.2PO";"TBP  ";"Categoría 1";"$  702,00";702;"CN"
254;"85270102222";10/09/2026 09:08:00;"10-09-2026";"09:08";"KXZS95";"P6.1PO";"TBP  ";"Categoría 1";"$  461,00";461;"CN"
255;"85230128309";10/09/2026 19:13:00;"10-09-2026";"19:13";"LDWP36";"P5 PO";"TBFP  ";"Categoría 1";"$  715,00";715;"CN"
256;"85230128309";10/09/2026 19:14:00;"10-09-2026";"19:14";"LDWP36";"P4 PO";"TS  ";"Categoría 1";"$  1.204,00";1204;"CN"
257;"85270102222";10/09/2026 20:56:00;"10-09-2026";"20:56";"KXZS95";"P6.2OP";"TBP  ";"Categoría 1";"$  702,00";702;"CN"
258;"85270102222";10/09/2026 20:57:00;"10-09-2026";"20:57";"KXZS95";"P9 OP";"TBP  ";"Categoría 1";"$  1.030,00";1030;"CN"
259;"85270102222";10/09/2026 23:44:00;"10-09-2026";"23:44";"KXZS95";"P6.1PO";"TBFP  ";"Categoría 1";"$  239,00";239;"CN"
260;"85230128309";11/09/2026 06:38:00;"11-09-2026";"06:38";"LDWP36";"P4 PO";"TBFP  ";"Categoría 2";"$  826,00";826;"CN"
261;"85230128309";11/09/2026 06:41:00;"11-09-2026";"06:41";"LDWP36";"P3 PO";"TBFP  ";"Categoría 2";"$  612,00";612;"CN"
262;"85230128309";11/09/2026 06:43:00;"11-09-2026";"06:43";"LDWP36";"P2.2PO";"TBFP  ";"Categoría 1";"$  264,00";264;"CN"
263;"85230128309";11/09/2026 06:44:00;"11-09-2026";"06:44";"LDWP36";"P2.1PO";"TBFP  ";"Categoría 2";"$  851,00";851;"CN"
264;"85230128309";11/09/2026 06:47:00;"11-09-2026";"06:47";"LDWP36";"P1 P O";"TBFP  ";"Categoría 2";"$  898,00";898;"CN"
265;"85230128309";11/09/2026 06:48:00;"11-09-2026";"06:48";"LDWP36";"P0 PO";"TBFP  ";"Categoría 1";"$  149,00";149;"CN"
266;"85230128309";11/09/2026 07:09:00;"11-09-2026";"07:09";"LDWP36";"P7 OP";"TBP  ";"Categoría 2";"$  963,00";963;"CN"
267;"85230128309";11/09/2026 07:13:00;"11-09-2026";"07:13";"LDWP36";"P8.0OP";"TBP  ";"Categoría 2";"$  2.248,00";2248;"CN"
268;"85230128309";11/09/2026 07:15:00;"11-09-2026";"07:15";"LDWP36";"P3 OP";"TBP  ";"Categoría 2";"$  2.768,00";2768;"CN"
269;"85230128119";11/09/2026 09:10:00;"11-09-2026";"09:10";"KZGL59";"P6.2PO";"TBP  ";"Categoría 1";"$  702,00";702;"CN"
270;"85230128119";11/09/2026 09:12:00;"11-09-2026";"09:12";"KZGL59";"P6.1PO";"TBP  ";"Categoría 1";"$  461,00";461;"CN"
271;"85230128119";11/09/2026 15:51:00;"11-09-2026";"15:51";"KZGL59";"P6.2OP";"TBFP  ";"Categoría 1";"$  364,00";364;"CN"
272;"85230128119";11/09/2026 15:52:00;"11-09-2026";"15:52";"KZGL59";"P9 OP";"TBFP  ";"Categoría 1";"$  535,00";535;"CN"
273;"85230128267";11/09/2026 18:49:00;"11-09-2026";"18:49";"HXJJ44";"P5 PO";"TBFP  ";"Categoría 1";"$  715,00";715;"CN"
274;"85230128267";11/09/2026 18:53:00;"11-09-2026";"18:53";"HXJJ44";"EV";"TS  ";"Categoría 1";"$  348,00";348;"CN"
275;"85270102222";11/09/2026 22:28:00;"11-09-2026";"22:28";"KXZS95";"P6.1PO";"TBFP  ";"Categoría 1";"$  239,00";239;"CN"
276;"85230128283";12/09/2026 04:12:00;"12-09-2026";"04:12";"PJHJ69";"P5 PO";"TBFP  ";"Categoría 1";"$  715,00";715;"CN"
277;"85230128283";12/09/2026 04:13:00;"12-09-2026";"04:13";"PJHJ69";"P4 PO";"TBFP  ";"Categoría 1";"$  413,00";413;"CN"
278;"85230128283";12/09/2026 04:16:00;"12-09-2026";"04:16";"PJHJ69";"P3 PO";"TBFP  ";"Categoría 2";"$  612,00";612;"CN"
279;"85230128309";12/09/2026 06:30:00;"12-09-2026";"06:30";"LDWP36";"P4 PO";"TBFP  ";"Categoría 1";"$  413,00";413;"CN"
280;"85230128309";12/09/2026 06:33:00;"12-09-2026";"06:33";"LDWP36";"P3 PO";"TBFP  ";"Categoría 1";"$  306,00";306;"CN"
281;"85230128309";12/09/2026 06:35:00;"12-09-2026";"06:35";"LDWP36";"P2.2PO";"TBFP  ";"Categoría 1";"$  264,00";264;"CN"
282;"85230128309";12/09/2026 06:36:00;"12-09-2026";"06:36";"LDWP36";"P2.1PO";"TBFP  ";"Categoría 1";"$  425,00";425;"CN"
283;"85230128309";12/09/2026 06:39:00;"12-09-2026";"06:39";"LDWP36";"P1 P O";"TBFP  ";"Categoría 1";"$  449,00";449;"CN"
284;"85230128309";12/09/2026 06:41:00;"12-09-2026";"06:41";"LDWP36";"P0 PO";"TBFP  ";"Categoría 1";"$  149,00";149;"CN"
285;"85230128309";12/09/2026 19:05:00;"12-09-2026";"19:05";"LDWP36";"P5 OP";"TBFP  ";"Categoría 1";"$  715,00";715;"CN"
286;"85230128309";12/09/2026 19:19:00;"12-09-2026";"19:19";"LDWP36";"P5 PO";"TBFP  ";"Categoría 2";"$  1.431,00";1431;"CN"
287;"85230128309";12/09/2026 19:21:00;"12-09-2026";"19:21";"LDWP36";"EV";"TBP  ";"Categoría 1";"$  229,00";229;"CN"
288;"85230128275";12/09/2026 21:52:00;"12-09-2026";"21:52";"CYPW26";"P7 OP";"TBFP  ";"Categoría 1";"$  250,00";250;"CN"
289;"85230128275";12/09/2026 21:56:00;"12-09-2026";"21:56";"CYPW26";"P8.0OP";"TBFP  ";"Categoría 1";"$  583,00";583;"CN"
290;"85230128275";12/09/2026 21:58:00;"12-09-2026";"21:58";"CYPW26";"P3 OP";"TBFP  ";"Categoría 1";"$  719,00";719;"CN"
291;"85270102222";12/09/2026 22:51:00;"12-09-2026";"22:51";"KXZS95";"P6.1PO";"TBFP  ";"Categoría 1";"$  239,00";239;"CN"
292;"85230128283";13/09/2026 02:07:00;"13-09-2026";"02:07";"PJHJ69";"P5 PO";"TBFP  ";"Categoría 1";"$  715,00";715;"CN"
293;"85230128283";13/09/2026 02:08:00;"13-09-2026";"02:08";"PJHJ69";"P4 PO";"TBFP  ";"Categoría 1";"$  413,00";413;"CN"
294;"85230128283";13/09/2026 02:10:00;"13-09-2026";"02:10";"PJHJ69";"P3 PO";"TBFP  ";"Categoría 1";"$  306,00";306;"CN"
295;"85230128275";13/09/2026 08:49:00;"13-09-2026";"08:49";"CYPW26";"P5 OP";"TBFP  ";"Categoría 1";"$  715,00";715;"CN"
296;"85270102222";13/09/2026 08:49:00;"13-09-2026";"08:49";"KXZS95";"P6.2PO";"TBFP  ";"Categoría 1";"$  364,00";364;"CN"
297;"85270102222";13/09/2026 09:17:00;"13-09-2026";"09:17";"KXZS95";"P6.1PO";"TBFP  ";"Categoría 1";"$  239,00";239;"CN"
298;"85230128168";13/09/2026 18:32:00;"13-09-2026";"18:32";"LPPZ31";"P5 OP";"TBFP  ";"Categoría 1";"$  715,00";715;"CN"
299;"85230128168";13/09/2026 18:51:00;"13-09-2026";"18:51";"LPPZ31";"P5 PO";"TBFP  ";"Categoría 1";"$  715,00";715;"CN"
300;"85230128168";13/09/2026 18:53:00;"13-09-2026";"18:53";"LPPZ31";"EV";"TBFP  ";"Categoría 1";"$  119,00";119;"CN"
301;"85270102222";13/09/2026 20:00:00;"13-09-2026";"20:00";"KXZS95";"P6.1PO";"TBFP  ";"Categoría 1";"$  239,00";239;"CN"
302;"85270102222";13/09/2026 20:04:00;"13-09-2026";"20:04";"KXZS95";"P5 PO";"TBFP  ";"Categoría 1";"$  715,00";715;"CN"
303;"85270102222";13/09/2026 21:46:00;"13-09-2026";"21:46";"KXZS95";"P7 OP";"TBFP  ";"Categoría 1";"$  250,00";250;"CN"
304;"85270102222";13/09/2026 21:49:00;"13-09-2026";"21:49";"KXZS95";"P8.0OP";"TBFP  ";"Categoría 1";"$  583,00";583;"CN"
305;"85270102222";13/09/2026 21:51:00;"13-09-2026";"21:51";"KXZS95";"P3 OP";"TBFP  ";"Categoría 1";"$  719,00";719;"CN"
306;"85270102222";13/09/2026 22:39:00;"13-09-2026";"22:39";"KXZS95";"P6.1PO";"TBFP  ";"Categoría 1";"$  239,00";239;"CN"
307;"85270102222";13/09/2026 22:44:00;"13-09-2026";"22:44";"KXZS95";"P5 PO";"TBFP  ";"Categoría 1";"$  715,00";715;"CN"
308;"85230128309";14/09/2026 06:30:00;"14-09-2026";"06:30";"LDWP36";"P4 PO";"TBFP  ";"Categoría 1";"$  413,00";413;"CN"
309;"85230128309";14/09/2026 06:33:00;"14-09-2026";"06:33";"LDWP36";"P3 PO";"TBFP  ";"Categoría 1";"$  306,00";306;"CN"
310;"85230128309";14/09/2026 06:35:00;"14-09-2026";"06:35";"LDWP36";"P2.2PO";"TBFP  ";"Categoría 1";"$  264,00";264;"CN"
311;"85230128309";14/09/2026 06:39:00;"14-09-2026";"06:39";"LDWP36";"P1 P O";"TBFP  ";"Categoría 2";"$  898,00";898;"CN"
312;"85230128309";14/09/2026 06:40:00;"14-09-2026";"06:40";"LDWP36";"P0 PO";"TBFP  ";"Categoría 1";"$  149,00";149;"CN"
313;"85230128309";14/09/2026 07:07:00;"14-09-2026";"07:07";"LDWP36";"P7 OP";"TBP  ";"Categoría 2";"$  963,00";963;"CN"
314;"85230128309";14/09/2026 07:11:00;"14-09-2026";"07:11";"LDWP36";"P8.0OP";"TBP  ";"Categoría 2";"$  2.248,00";2248;"CN"
315;"85230128309";14/09/2026 07:13:00;"14-09-2026";"07:13";"LDWP36";"P3 OP";"TBP  ";"Categoría 2";"$  2.768,00";2768;"CN"
316;"85270102222";14/09/2026 08:43:00;"14-09-2026";"08:43";"KXZS95";"EV";"TBP  ";"Categoría 1";"$  229,00";229;"CN"
317;"85270102222";14/09/2026 08:54:00;"14-09-2026";"08:54";"KXZS95";"P5 OP";"TBFP  ";"Categoría 1";"$  715,00";715;"CN"
318;"85230128168";14/09/2026 10:27:00;"14-09-2026";"10:27";"LPPZ31";"P6.1OP";"TBFP  ";"Categoría 1";"$  239,00";239;"CN"
319;"85230128168";14/09/2026 10:29:00;"14-09-2026";"10:29";"LPPZ31";"P6.2OP";"TBFP  ";"Categoría 1";"$  364,00";364;"CN"
320;"85230128309";14/09/2026 19:21:00;"14-09-2026";"19:21";"LDWP36";"P5 OP";"TBP  ";"Categoría 2";"$  2.756,00";2756;"CN"
321;"85270102222";15/09/2026 05:22:00;"15-09-2026";"05:22";"KXZS95";"P6.2PO";"TBFP  ";"Categoría 1";"$  364,00";364;"CN"
322;"85270102222";15/09/2026 05:33:00;"15-09-2026";"05:33";"KXZS95";"P6.1PO";"TBFP  ";"Categoría 1";"$  239,00";239;"CN"
323;"85230128309";15/09/2026 06:31:00;"15-09-2026";"06:31";"LDWP36";"P4 PO";"TBFP  ";"Categoría 1";"$  413,00";413;"CN"
324;"85230128309";15/09/2026 06:34:00;"15-09-2026";"06:34";"LDWP36";"P3 PO";"TBFP  ";"Categoría 2";"$  612,00";612;"CN"
325;"85230128309";15/09/2026 06:37:00;"15-09-2026";"06:37";"LDWP36";"P2.1PO";"TBFP  ";"Categoría 2";"$  851,00";851;"CN"
326;"85230128309";15/09/2026 06:37:00;"15-09-2026";"06:37";"LDWP36";"P2.2PO";"TBFP  ";"Categoría 1";"$  264,00";264;"CN"
327;"85230128309";15/09/2026 06:40:00;"15-09-2026";"06:40";"LDWP36";"P1 P O";"TBFP  ";"Categoría 1";"$  449,00";449;"CN"
328;"85230128309";15/09/2026 06:41:00;"15-09-2026";"06:41";"LDWP36";"P0 PO";"TBFP  ";"Categoría 1";"$  149,00";149;"CN"
329;"85270102222";15/09/2026 06:44:00;"15-09-2026";"06:44";"KXZS95";"P4 PO";"TBFP  ";"Categoría 1";"$  413,00";413;"CN"
330;"85270102222";15/09/2026 06:47:00;"15-09-2026";"06:47";"KXZS95";"EV";"TBFP  ";"Categoría 1";"$  119,00";119;"CN"
331;"85230128309";15/09/2026 07:14:00;"15-09-2026";"07:14";"LDWP36";"P7 OP";"TBP  ";"Categoría 2";"$  963,00";963;"CN"
332;"85230128309";15/09/2026 07:18:00;"15-09-2026";"07:18";"LDWP36";"P8.0OP";"TBP  ";"Categoría 2";"$  2.248,00";2248;"CN"
333;"85230128309";15/09/2026 07:20:00;"15-09-2026";"07:20";"LDWP36";"P3 OP";"TBP  ";"Categoría 2";"$  2.768,00";2768;"CN"
334;"85230128267";15/09/2026 09:15:00;"15-09-2026";"09:15";"HXJJ44";"P5 OP";"TBFP  ";"Categoría 1";"$  715,00";715;"CN"
335;"85230128267";15/09/2026 13:37:00;"15-09-2026";"13:37";"HXJJ44";"P9 PO";"TBP  ";"Categoría 1";"$  1.030,00";1030;"CN"
336;"85230128267";15/09/2026 13:38:00;"15-09-2026";"13:38";"HXJJ44";"P6.2PO";"TBP  ";"Categoría 1";"$  702,00";702;"CN"
337;"85230128267";15/09/2026 13:40:00;"15-09-2026";"13:40";"HXJJ44";"P6.1PO";"TBP  ";"Categoría 1";"$  461,00";461;"CN"
338;"85230128267";15/09/2026 13:44:00;"15-09-2026";"13:44";"HXJJ44";"P5 PO";"TBP  ";"Categoría 1";"$  1.378,00";1378;"CN"
339;"85230128168";15/09/2026 18:17:00;"15-09-2026";"18:17";"LPPZ31";"P5 OP";"TBP  ";"Categoría 1";"$  1.378,00";1378;"CN"
340;"85230128168";15/09/2026 18:45:00;"15-09-2026";"18:45";"LPPZ31";"P6.1OP";"TBP  ";"Categoría 1";"$  461,00";461;"CN"
341;"85230128168";15/09/2026 18:47:00;"15-09-2026";"18:47";"LPPZ31";"P6.2OP";"TBP  ";"Categoría 1";"$  702,00";702;"CN"
342;"85230128150";15/09/2026 19:04:00;"15-09-2026";"19:04";"LPPZ24";"P4 PO";"TS  ";"Categoría 1";"$  1.204,00";1204;"CN"
343;"85230128309";15/09/2026 20:24:00;"15-09-2026";"20:24";"LDWP36";"P4 PO";"TBP  ";"Categoría 2";"$  1.590,00";1590;"CN"
344;"85230128168";15/09/2026 20:51:00;"15-09-2026";"20:51";"LPPZ31";"EV";"TBP  ";"Categoría 1";"$  229,00";229;"CN"
345;"85230128168";15/09/2026 20:52:00;"15-09-2026";"20:52";"LPPZ31";"P5 OP";"TBP  ";"Categoría 1";"$  1.378,00";1378;"CN"
346;"85270102222";15/09/2026 22:40:00;"15-09-2026";"22:40";"KXZS95";"P6.1PO";"TBFP  ";"Categoría 1";"$  239,00";239;"CN"
347;"85230128309";16/09/2026 06:32:00;"16-09-2026";"06:32";"LDWP36";"P4 PO";"TBFP  ";"Categoría 2";"$  826,00";826;"CN"
348;"85230128309";16/09/2026 06:35:00;"16-09-2026";"06:35";"LDWP36";"P3 PO";"TBFP  ";"Categoría 2";"$  612,00";612;"CN"
349;"85230128309";16/09/2026 06:37:00;"16-09-2026";"06:37";"LDWP36";"P2.2PO";"TBFP  ";"Categoría 1";"$  264,00";264;"CN"
350;"85230128309";16/09/2026 06:38:00;"16-09-2026";"06:38";"LDWP36";"P2.1PO";"TBFP  ";"Categoría 2";"$  851,00";851;"CN"
351;"85230128309";16/09/2026 06:41:00;"16-09-2026";"06:41";"LDWP36";"P1 P O";"TBFP  ";"Categoría 2";"$  898,00";898;"CN"
352;"85230128309";16/09/2026 06:42:00;"16-09-2026";"06:42";"LDWP36";"P0 PO";"TBFP  ";"Categoría 1";"$  149,00";149;"CN"
353;"85230128309";16/09/2026 07:10:00;"16-09-2026";"07:10";"LDWP36";"P7 OP";"TBP  ";"Categoría 2";"$  963,00";963;"CN"
354;"85230128309";16/09/2026 07:14:00;"16-09-2026";"07:14";"LDWP36";"P8.0OP";"TBP  ";"Categoría 2";"$  2.248,00";2248;"CN"
355;"85230128309";16/09/2026 07:16:00;"16-09-2026";"07:16";"LDWP36";"P3 OP";"TBP  ";"Categoría 2";"$  2.768,00";2768;"CN"
356;"85270102222";16/09/2026 09:15:00;"16-09-2026";"09:15";"KXZS95";"P6.2PO";"TBP  ";"Categoría 1";"$  702,00";702;"CN"
357;"85270102222";16/09/2026 09:17:00;"16-09-2026";"09:17";"KXZS95";"P6.1PO";"TBP  ";"Categoría 1";"$  461,00";461;"CN"
358;"85270102222";16/09/2026 09:59:00;"16-09-2026";"09:59";"KXZS95";"P6.1PO";"TBP  ";"Categoría 1";"$  461,00";461;"CN"
359;"85270102222";16/09/2026 15:41:00;"16-09-2026";"15:41";"KXZS95";"P6.2OP";"TBFP  ";"Categoría 1";"$  364,00";364;"CN"
360;"85270102222";16/09/2026 15:42:00;"16-09-2026";"15:42";"KXZS95";"P9 OP";"TBFP  ";"Categoría 1";"$  535,00";535;"CN"
361;"85230128267";16/09/2026 18:28:00;"16-09-2026";"18:28";"HXJJ44";"P6.2PO";"TBP  ";"Categoría 1";"$  702,00";702;"CN"
362;"85230128267";16/09/2026 18:31:00;"16-09-2026";"18:31";"HXJJ44";"P6.1PO";"TBFP  ";"Categoría 1";"$  239,00";239;"CN"
363;"85230128150";16/09/2026 18:44:00;"16-09-2026";"18:44";"LPPZ24";"P4 PO";"TS  ";"Categoría 1";"$  1.204,00";1204;"CN"
364;"85230128309";16/09/2026 20:28:00;"16-09-2026";"20:28";"LDWP36";"P4 PO";"TBP  ";"Categoría 1";"$  795,00";795;"CN"
365;"85270102222";16/09/2026 23:13:00;"16-09-2026";"23:13";"KXZS95";"P6.1PO";"TBFP  ";"Categoría 1";"$  239,00";239;"CN"
366;"85270102222";17/09/2026 04:08:00;"17-09-2026";"04:08";"KXZS95";"P6.1PO";"TBFP  ";"Categoría 1";"$  239,00";239;"CN"
367;"85230128309";17/09/2026 06:34:00;"17-09-2026";"06:34";"LDWP36";"P4 PO";"TBFP  ";"Categoría 2";"$  826,00";826;"CN"
368;"85230128309";17/09/2026 06:36:00;"17-09-2026";"06:36";"LDWP36";"P3 PO";"TBFP  ";"Categoría 2";"$  612,00";612;"CN"
369;"85230128309";17/09/2026 06:39:00;"17-09-2026";"06:39";"LDWP36";"P2.2PO";"TBFP  ";"Categoría 1";"$  264,00";264;"CN"
370;"85230128309";17/09/2026 06:40:00;"17-09-2026";"06:40";"LDWP36";"P2.1PO";"TBFP  ";"Categoría 2";"$  851,00";851;"CN"
371;"85230128309";17/09/2026 06:42:00;"17-09-2026";"06:42";"LDWP36";"P1 P O";"TBFP  ";"Categoría 2";"$  898,00";898;"CN"
372;"85230128309";17/09/2026 06:43:00;"17-09-2026";"06:43";"LDWP36";"P0 PO";"TBFP  ";"Categoría 1";"$  149,00";149;"CN"
373;"85230128309";17/09/2026 07:11:00;"17-09-2026";"07:11";"LDWP36";"P7 OP";"TBP  ";"Categoría 2";"$  963,00";963;"CN"
374;"85230128309";17/09/2026 07:15:00;"17-09-2026";"07:15";"LDWP36";"P8.0OP";"TBP  ";"Categoría 1";"$  1.124,00";1124;"CN"
375;"85230128309";17/09/2026 07:17:00;"17-09-2026";"07:17";"LDWP36";"P3 OP";"TBP  ";"Categoría 2";"$  2.768,00";2768;"CN"
376;"85270102222";17/09/2026 09:14:00;"17-09-2026";"09:14";"KXZS95";"P6.2PO";"TBP  ";"Categoría 1";"$  702,00";702;"CN"
377;"85270102222";17/09/2026 09:16:00;"17-09-2026";"09:16";"KXZS95";"P6.1PO";"TBP  ";"Categoría 1";"$  461,00";461;"CN"
378;"85270102222";17/09/2026 09:39:00;"17-09-2026";"09:39";"KXZS95";"P6.1PO";"TBP  ";"Categoría 1";"$  461,00";461;"CN"
379;"85270102222";17/09/2026 11:55:00;"17-09-2026";"11:55";"KXZS95";"P5 OP";"TBFP  ";"Categoría 1";"$  715,00";715;"CN"
380;"85230128150";17/09/2026 18:51:00;"17-09-2026";"18:51";"LPPZ24";"P4 PO";"TS  ";"Categoría 1";"$  1.204,00";1204;"CN"
381;"85230128267";17/09/2026 19:06:00;"17-09-2026";"19:06";"HXJJ44";"P6.2PO";"TBFP  ";"Categoría 1";"$  364,00";364;"CN"
382;"85230128267";17/09/2026 19:07:00;"17-09-2026";"19:07";"HXJJ44";"P6.1PO";"TBFP  ";"Categoría 1";"$  239,00";239;"CN"
383;"85230128309";17/09/2026 20:25:00;"17-09-2026";"20:25";"LDWP36";"P4 PO";"TBP  ";"Categoría 2";"$  1.590,00";1590;"CN"
384;"85270102222";17/09/2026 20:45:00;"17-09-2026";"20:45";"KXZS95";"P6.1PO";"TBFP  ";"Categoría 1";"$  239,00";239;"CN"
385;"85230128283";18/09/2026 08:41:00;"18-09-2026";"08:41";"PJHJ69";"EV";"TBFP  ";"Categoría 1";"$  119,00";119;"CN"
386;"85270102222";18/09/2026 09:04:00;"18-09-2026";"09:04";"KXZS95";"P6.2PO";"TBFP  ";"Categoría 1";"$  364,00";364;"CN"
387;"85270102222";18/09/2026 09:06:00;"18-09-2026";"09:06";"KXZS95";"P6.1PO";"TBFP  ";"Categoría 1";"$  239,00";239;"CN"
388;"85270102222";18/09/2026 15:48:00;"18-09-2026";"15:48";"KXZS95";"P6.2OP";"TBFP  ";"Categoría 1";"$  364,00";364;"CN"
389;"85230128309";18/09/2026 20:27:00;"18-09-2026";"20:27";"LDWP36";"P4 PO";"TBFP  ";"Categoría 2";"$  826,00";826;"CN"
390;"85270102222";18/09/2026 22:51:00;"18-09-2026";"22:51";"KXZS95";"P6.1PO";"TBFP  ";"Categoría 1";"$  239,00";239;"CN"
391;"85230128119";19/09/2026 03:26:00;"19-09-2026";"03:26";"KZGL59";"P9 OP";"TBFP  ";"Categoría 1";"$  535,00";535;"CN"
392;"85230128119";19/09/2026 03:28:00;"19-09-2026";"03:28";"KZGL59";"P30 NS";"TBFP  ";"Categoría 1";"$  889,00";889;"AMB"
393;"85270102222";19/09/2026 04:14:00;"19-09-2026";"04:14";"KXZS95";"P6.1PO";"TBFP  ";"Categoría 1";"$  239,00";239;"CN"
394;"85270102222";19/09/2026 04:18:00;"19-09-2026";"04:18";"KXZS95";"P5 PO";"TBFP  ";"Categoría 1";"$  715,00";715;"CN"
395;"85230128143";19/09/2026 08:21:00;"19-09-2026";"08:21";"LJDV98";"EV";"TBFP  ";"Categoría 1";"$  119,00";119;"CN"
396;"85270102222";19/09/2026 08:49:00;"19-09-2026";"08:49";"KXZS95";"P6.2PO";"TBFP  ";"Categoría 1";"$  364,00";364;"CN"
397;"85270102222";19/09/2026 08:51:00;"19-09-2026";"08:51";"KXZS95";"P6.1PO";"TBFP  ";"Categoría 1";"$  239,00";239;"CN"
398;"85230128267";19/09/2026 18:31:00;"19-09-2026";"18:31";"HXJJ44";"P6.2PO";"TBFP  ";"Categoría 1";"$  364,00";364;"CN"
399;"85230128267";19/09/2026 18:33:00;"19-09-2026";"18:33";"HXJJ44";"P6.1PO";"TBFP  ";"Categoría 1";"$  239,00";239;"CN"
400;"85230128168";19/09/2026 18:35:00;"19-09-2026";"18:35";"LPPZ31";"P5 PO";"TBFP  ";"Categoría 1";"$  715,00";715;"CN"
401;"85230128168";19/09/2026 18:36:00;"19-09-2026";"18:36";"LPPZ31";"EV";"TBFP  ";"Categoría 1";"$  119,00";119;"CN"
402;"85230128309";20/09/2026 06:32:00;"20-09-2026";"06:32";"LDWP36";"P4 PO";"TBFP  ";"Categoría 1";"$  413,00";413;"CN"
403;"85230128309";20/09/2026 06:34:00;"20-09-2026";"06:34";"LDWP36";"P3 PO";"TBFP  ";"Categoría 2";"$  612,00";612;"CN"
404;"85230128309";20/09/2026 06:37:00;"20-09-2026";"06:37";"LDWP36";"P2.2PO";"TBFP  ";"Categoría 1";"$  264,00";264;"CN"
405;"85230128309";20/09/2026 06:38:00;"20-09-2026";"06:38";"LDWP36";"P2.1PO";"TBFP  ";"Categoría 1";"$  425,00";425;"CN"
406;"85230128309";20/09/2026 06:41:00;"20-09-2026";"06:41";"LDWP36";"P1 P O";"TBFP  ";"Categoría 1";"$  449,00";449;"CN"
407;"85230128309";20/09/2026 06:42:00;"20-09-2026";"06:42";"LDWP36";"P0 PO";"TBFP  ";"Categoría 1";"$  149,00";149;"CN"
408;"85230128119";20/09/2026 08:21:00;"20-09-2026";"08:21";"KZGL59";"P2.2PO";"TBFP  ";"Categoría 1";"$  264,00";264;"CN"
409;"85230128119";20/09/2026 08:32:00;"20-09-2026";"08:32";"KZGL59";"P2.2OP";"TBFP  ";"Categoría 1";"$  264,00";264;"CN"
410;"85270102222";20/09/2026 08:43:00;"20-09-2026";"08:43";"KXZS95";"EV";"TBFP  ";"Categoría 1";"$  119,00";119;"CN"
411;"85270102222";20/09/2026 08:50:00;"20-09-2026";"08:50";"KXZS95";"P5 OP";"TBFP  ";"Categoría 1";"$  715,00";715;"CN"
412;"85230128168";20/09/2026 09:08:00;"20-09-2026";"09:08";"LPPZ31";"P6.1OP";"TBFP  ";"Categoría 1";"$  239,00";239;"CN"
413;"85230128168";20/09/2026 09:09:00;"20-09-2026";"09:09";"LPPZ31";"P6.2OP";"TBFP  ";"Categoría 1";"$  364,00";364;"CN"
414;"85270102222";20/09/2026 21:18:00;"20-09-2026";"21:18";"KXZS95";"P4 PO";"TBFP  ";"Categoría 1";"$  413,00";413;"CN"
415;"85270102222";20/09/2026 21:20:00;"20-09-2026";"21:20";"KXZS95";"P3 PO";"TBFP  ";"Categoría 1";"$  306,00";306;"CN"
416;"85270102222";20/09/2026 21:22:00;"20-09-2026";"21:22";"KXZS95";"P8.0PO";"TBFP  ";"Categoría 1";"$  583,00";583;"CN"
417;"85270102222";20/09/2026 21:25:00;"20-09-2026";"21:25";"KXZS95";"P7 PO";"TBFP  ";"Categoría 1";"$  250,00";250;"CN"
418;"85270102222";20/09/2026 21:43:00;"20-09-2026";"21:43";"KXZS95";"P7 OP";"TBFP  ";"Categoría 1";"$  250,00";250;"CN"
419;"85270102222";20/09/2026 21:46:00;"20-09-2026";"21:46";"KXZS95";"P8.0OP";"TBFP  ";"Categoría 1";"$  583,00";583;"CN"
420;"85270102222";20/09/2026 21:48:00;"20-09-2026";"21:48";"KXZS95";"P3 OP";"TBFP  ";"Categoría 1";"$  719,00";719;"CN"
421;"85230128119";21/09/2026 02:07:00;"21-09-2026";"02:07";"KZGL59";"P5 OP";"TBFP  ";"Categoría 1";"$  715,00";715;"CN"
422;"85230128119";21/09/2026 02:12:00;"21-09-2026";"02:12";"KZGL59";"P6.1OP";"TBFP  ";"Categoría 1";"$  239,00";239;"CN"
423;"85230128309";21/09/2026 06:30:00;"21-09-2026";"06:30";"LDWP36";"P4 PO";"TBFP  ";"Categoría 2";"$  826,00";826;"CN"
424;"85230128309";21/09/2026 06:33:00;"21-09-2026";"06:33";"LDWP36";"P3 PO";"TBFP  ";"Categoría 1";"$  306,00";306;"CN"
425;"85230128309";21/09/2026 06:35:00;"21-09-2026";"06:35";"LDWP36";"P2.2PO";"TBFP  ";"Categoría 1";"$  264,00";264;"CN"
426;"85230128309";21/09/2026 06:36:00;"21-09-2026";"06:36";"LDWP36";"P2.1PO";"TBFP  ";"Categoría 1";"$  425,00";425;"CN"
427;"85230128309";21/09/2026 06:39:00;"21-09-2026";"06:39";"LDWP36";"P1 P O";"TBFP  ";"Categoría 1";"$  449,00";449;"CN"
428;"85230128309";21/09/2026 06:40:00;"21-09-2026";"06:40";"LDWP36";"P0 PO";"TBFP  ";"Categoría 1";"$  149,00";149;"CN"
429;"85230128309";21/09/2026 07:02:00;"21-09-2026";"07:02";"LDWP36";"P7 OP";"TBP  ";"Categoría 1";"$  481,00";481;"CN"
430;"85230128309";21/09/2026 07:06:00;"21-09-2026";"07:06";"LDWP36";"P8.0OP";"TBP  ";"Categoría 2";"$  2.248,00";2248;"CN"
431;"85230128309";21/09/2026 07:08:00;"21-09-2026";"07:08";"LDWP36";"P3 OP";"TBP  ";"Categoría 1";"$  1.384,00";1384;"CN"
432;"85270102222";21/09/2026 08:56:00;"21-09-2026";"08:56";"KXZS95";"EV";"TBP  ";"Categoría 1";"$  229,00";229;"CN"
433;"85230128168";21/09/2026 09:08:00;"21-09-2026";"09:08";"LPPZ31";"P6.1OP";"TBFP  ";"Categoría 1";"$  239,00";239;"CN"
434;"85270102222";21/09/2026 09:10:00;"21-09-2026";"09:10";"KXZS95";"P5 OP";"TBFP  ";"Categoría 1";"$  715,00";715;"CN"
435;"85230128168";21/09/2026 09:10:00;"21-09-2026";"09:10";"LPPZ31";"P6.2OP";"TBFP  ";"Categoría 1";"$  364,00";364;"CN"
436;"85270102222";21/09/2026 13:38:00;"21-09-2026";"13:38";"KXZS95";"P9 PO";"TBP  ";"Categoría 1";"$  1.030,00";1030;"CN"
437;"85270102222";21/09/2026 13:39:00;"21-09-2026";"13:39";"KXZS95";"P6.2PO";"TBP  ";"Categoría 1";"$  702,00";702;"CN"
438;"85270102222";21/09/2026 13:41:00;"21-09-2026";"13:41";"KXZS95";"P6.1PO";"TBP  ";"Categoría 1";"$  461,00";461;"CN"
439;"85270102222";21/09/2026 13:45:00;"21-09-2026";"13:45";"KXZS95";"P5 PO";"TBP  ";"Categoría 1";"$  1.378,00";1378;"CN"
440;"85230128259";21/09/2026 21:50:00;"21-09-2026";"21:50";"KDRJ20";"P7 OP";"TBFP  ";"Categoría 1";"$  250,00";250;"CN"
441;"85230128259";21/09/2026 21:54:00;"21-09-2026";"21:54";"KDRJ20";"P8.0OP";"TBFP  ";"Categoría 1";"$  583,00";583;"CN"
442;"85230128259";21/09/2026 21:56:00;"21-09-2026";"21:56";"KDRJ20";"P3 OP";"TBFP  ";"Categoría 1";"$  719,00";719;"CN"
443;"85230128309";22/09/2026 06:30:00;"22-09-2026";"06:30";"LDWP36";"P4 PO";"TBFP  ";"Categoría 2";"$  826,00";826;"CN"
444;"85230128309";22/09/2026 06:33:00;"22-09-2026";"06:33";"LDWP36";"P3 PO";"TBFP  ";"Categoría 2";"$  612,00";612;"CN"
445;"85230128309";22/09/2026 06:36:00;"22-09-2026";"06:36";"LDWP36";"P2.1PO";"TBFP  ";"Categoría 2";"$  851,00";851;"CN"
446;"85230128309";22/09/2026 06:36:00;"22-09-2026";"06:36";"LDWP36";"P2.2PO";"TBFP  ";"Categoría 1";"$  264,00";264;"CN"
447;"85230128309";22/09/2026 06:39:00;"22-09-2026";"06:39";"LDWP36";"P1 P O";"TBFP  ";"Categoría 2";"$  898,00";898;"CN"
448;"85230128309";22/09/2026 06:40:00;"22-09-2026";"06:40";"LDWP36";"P0 PO";"TBFP  ";"Categoría 1";"$  149,00";149;"CN"
449;"85230128309";22/09/2026 07:03:00;"22-09-2026";"07:03";"LDWP36";"P7 OP";"TBP  ";"Categoría 2";"$  963,00";963;"CN"
450;"85230128309";22/09/2026 07:06:00;"22-09-2026";"07:06";"LDWP36";"P8.0OP";"TBP  ";"Categoría 2";"$  2.248,00";2248;"CN"
451;"85230128309";22/09/2026 07:08:00;"22-09-2026";"07:08";"LDWP36";"P3 OP";"TBP  ";"Categoría 1";"$  1.384,00";1384;"CN"
452;"85230128259";22/09/2026 09:11:00;"22-09-2026";"09:11";"KDRJ20";"EV";"TBP  ";"Categoría 1";"$  229,00";229;"CN"
453;"85230128259";22/09/2026 09:28:00;"22-09-2026";"09:28";"KDRJ20";"P5 OP";"TBFP  ";"Categoría 1";"$  715,00";715;"CN"
454;"85230128119";22/09/2026 15:47:00;"22-09-2026";"15:47";"KZGL59";"P9 PO";"TBFP  ";"Categoría 1";"$  535,00";535;"CN"
455;"85230128119";22/09/2026 15:49:00;"22-09-2026";"15:49";"KZGL59";"P6.2PO";"TBFP  ";"Categoría 1";"$  364,00";364;"CN"
456;"85230128119";22/09/2026 15:50:00;"22-09-2026";"15:50";"KZGL59";"P6.1PO";"TBFP  ";"Categoría 1";"$  239,00";239;"CN"
457;"85230128119";22/09/2026 15:55:00;"22-09-2026";"15:55";"KZGL59";"P5 PO";"TBFP  ";"Categoría 1";"$  715,00";715;"CN"
458;"85230128309";22/09/2026 18:37:00;"22-09-2026";"18:37";"LDWP36";"P5 OP";"TBP  ";"Categoría 1";"$  1.378,00";1378;"CN"
459;"85230128309";23/09/2026 06:30:00;"23-09-2026";"06:30";"LDWP36";"P4 PO";"TBFP  ";"Categoría 2";"$  826,00";826;"CN"
460;"85230128309";23/09/2026 06:33:00;"23-09-2026";"06:33";"LDWP36";"P3 PO";"TBFP  ";"Categoría 2";"$  612,00";612;"CN"
461;"85230128309";23/09/2026 06:35:00;"23-09-2026";"06:35";"LDWP36";"P2.2PO";"TBFP  ";"Categoría 1";"$  264,00";264;"CN"
462;"85230128309";23/09/2026 06:36:00;"23-09-2026";"06:36";"LDWP36";"P2.1PO";"TBFP  ";"Categoría 2";"$  851,00";851;"CN"
463;"85230128309";23/09/2026 06:39:00;"23-09-2026";"06:39";"LDWP36";"P1 P O";"TBFP  ";"Categoría 2";"$  898,00";898;"CN"
464;"85230128309";23/09/2026 06:40:00;"23-09-2026";"06:40";"LDWP36";"P0 PO";"TBFP  ";"Categoría 1";"$  149,00";149;"CN"
465;"85230128309";23/09/2026 07:00:00;"23-09-2026";"07:00";"LDWP36";"P7 OP";"TBP  ";"Categoría 2";"$  963,00";963;"CN"
466;"85230128309";23/09/2026 07:03:00;"23-09-2026";"07:03";"LDWP36";"P8.0OP";"TBP  ";"Categoría 2";"$  2.248,00";2248;"CN"
467;"85230128309";23/09/2026 07:05:00;"23-09-2026";"07:05";"LDWP36";"P3 OP";"TBP  ";"Categoría 2";"$  2.768,00";2768;"CN"
468;"85230128267";23/09/2026 09:03:00;"23-09-2026";"09:03";"HXJJ44";"EV";"TBP  ";"Categoría 1";"$  229,00";229;"CN"
469;"85230128267";23/09/2026 09:21:00;"23-09-2026";"09:21";"HXJJ44";"P5 OP";"TBFP  ";"Categoría 1";"$  715,00";715;"CN"
470;"85230128143";23/09/2026 18:57:00;"23-09-2026";"18:57";"LJDV98";"P5 PO";"TBFP  ";"Categoría 1";"$  715,00";715;"CN"
471;"85230128143";23/09/2026 19:00:00;"23-09-2026";"19:00";"LJDV98";"EV";"TS  ";"Categoría 1";"$  348,00";348;"CN"
472;"85230128168";23/09/2026 20:40:00;"23-09-2026";"20:40";"LPPZ31";"EV";"TBP  ";"Categoría 1";"$  229,00";229;"CN"
473;"85230128168";23/09/2026 20:42:00;"23-09-2026";"20:42";"LPPZ31";"P5 OP";"TBP  ";"Categoría 1";"$  1.378,00";1378;"CN"
474;"85230128309";24/09/2026 06:31:00;"24-09-2026";"06:31";"LDWP36";"P4 PO";"TBFP  ";"Categoría 2";"$  826,00";826;"CN"
475;"85230128309";24/09/2026 06:34:00;"24-09-2026";"06:34";"LDWP36";"P3 PO";"TBFP  ";"Categoría 2";"$  612,00";612;"CN"
476;"85230128309";24/09/2026 06:37:00;"24-09-2026";"06:37";"LDWP36";"P2.1PO";"TBFP  ";"Categoría 1";"$  425,00";425;"CN"
477;"85230128309";24/09/2026 06:37:00;"24-09-2026";"06:37";"LDWP36";"P2.2PO";"TBFP  ";"Categoría 1";"$  264,00";264;"CN"
478;"85230128309";24/09/2026 06:40:00;"24-09-2026";"06:40";"LDWP36";"P1 P O";"TBFP  ";"Categoría 1";"$  449,00";449;"CN"
479;"85230128309";24/09/2026 06:41:00;"24-09-2026";"06:41";"LDWP36";"P0 PO";"TBFP  ";"Categoría 1";"$  149,00";149;"CN"
480;"85230128309";24/09/2026 07:05:00;"24-09-2026";"07:05";"LDWP36";"P7 OP";"TBP  ";"Categoría 2";"$  963,00";963;"CN"
481;"85230128309";24/09/2026 07:08:00;"24-09-2026";"07:08";"LDWP36";"P8.0OP";"TBP  ";"Categoría 2";"$  2.248,00";2248;"CN"
482;"85230128309";24/09/2026 07:11:00;"24-09-2026";"07:11";"LDWP36";"P3 OP";"TBP  ";"Categoría 1";"$  1.384,00";1384;"CN"
483;"85230128168";24/09/2026 07:32:00;"24-09-2026";"07:32";"LPPZ31";"EV";"TS  ";"Categoría 1";"$  348,00";348;"CN"
484;"85230128168";24/09/2026 07:33:00;"24-09-2026";"07:33";"LPPZ31";"P5 OP";"TBFP  ";"Categoría 1";"$  715,00";715;"CN"
485;"85230128168";24/09/2026 09:32:00;"24-09-2026";"09:32";"LPPZ31";"P6.2PO";"TBP  ";"Categoría 1";"$  702,00";702;"CN"
486;"85230128168";24/09/2026 09:33:00;"24-09-2026";"09:33";"LPPZ31";"P6.1PO";"TBP  ";"Categoría 1";"$  461,00";461;"CN"
487;"85230128267";24/09/2026 21:46:00;"24-09-2026";"21:46";"HXJJ44";"P7 OP";"TBFP  ";"Categoría 1";"$  250,00";250;"CN"
488;"85230128267";24/09/2026 21:50:00;"24-09-2026";"21:50";"HXJJ44";"P8.0OP";"TBFP  ";"Categoría 1";"$  583,00";583;"CN"
489;"85230128267";24/09/2026 21:52:00;"24-09-2026";"21:52";"HXJJ44";"P3 OP";"TBFP  ";"Categoría 1";"$  719,00";719;"CN"
490;"85230128168";25/09/2026 06:35:00;"25-09-2026";"06:35";"LPPZ31";"P4 PO";"TBFP  ";"Categoría 1";"$  413,00";413;"CN"
491;"85230128168";25/09/2026 06:38:00;"25-09-2026";"06:38";"LPPZ31";"P3 PO";"TBFP  ";"Categoría 1";"$  306,00";306;"CN"
492;"85230128168";25/09/2026 06:40:00;"25-09-2026";"06:40";"LPPZ31";"P2.2PO";"TBFP  ";"Categoría 1";"$  264,00";264;"CN"
493;"85230128168";25/09/2026 06:41:00;"25-09-2026";"06:41";"LPPZ31";"P2.1PO";"TBFP  ";"Categoría 1";"$  425,00";425;"CN"
494;"85230128150";25/09/2026 06:42:00;"25-09-2026";"06:42";"LPPZ24";"P4 PO";"TBFP  ";"Categoría 1";"$  413,00";413;"CN"
495;"85230128150";25/09/2026 06:45:00;"25-09-2026";"06:45";"LPPZ24";"P3 PO";"TBFP  ";"Categoría 1";"$  306,00";306;"CN"
496;"85230128168";25/09/2026 06:45:00;"25-09-2026";"06:45";"LPPZ31";"P1 P O";"TBFP  ";"Categoría 1";"$  449,00";449;"CN"
497;"85230128168";25/09/2026 06:46:00;"25-09-2026";"06:46";"LPPZ31";"P0 PO";"TBFP  ";"Categoría 1";"$  149,00";149;"CN"
498;"85230128168";25/09/2026 07:16:00;"25-09-2026";"07:16";"LPPZ31";"P7 OP";"TBP  ";"Categoría 1";"$  481,00";481;"CN"
499;"85230128168";25/09/2026 07:20:00;"25-09-2026";"07:20";"LPPZ31";"P8.0OP";"TBP  ";"Categoría 1";"$  1.124,00";1124;"CN"
500;"85230128168";25/09/2026 07:22:00;"25-09-2026";"07:22";"LPPZ31";"P3 OP";"TBP  ";"Categoría 1";"$  1.384,00";1384;"CN"
501;"85230128267";25/09/2026 07:41:00;"25-09-2026";"07:41";"HXJJ44";"P5 PO";"TS  ";"Categoría 1";"$  2.087,00";2087;"CN"
502;"85230128267";25/09/2026 09:27:00;"25-09-2026";"09:27";"HXJJ44";"P6.1OP";"TBFP  ";"Categoría 1";"$  239,00";239;"CN"
503;"85230128267";25/09/2026 09:29:00;"25-09-2026";"09:29";"HXJJ44";"P6.2OP";"TBFP  ";"Categoría 1";"$  364,00";364;"CN"
504;"85230128259";25/09/2026 13:08:00;"25-09-2026";"13:08";"KDRJ20";"P5 OP";"TBP  ";"Categoría 1";"$  1.378,00";1378;"CN"
505;"85270102222";25/09/2026 20:42:00;"25-09-2026";"20:42";"KXZS95";"P2.2PO";"TBP  ";"Categoría 1";"$  508,00";508;"CN"
506;"85270102222";25/09/2026 20:43:00;"25-09-2026";"20:43";"KXZS95";"P2.1PO";"TBP  ";"Categoría 1";"$  819,00";819;"CN"
507;"85270102222";25/09/2026 20:46:00;"25-09-2026";"20:46";"KXZS95";"P1 P O";"TBP  ";"Categoría 1";"$  865,00";865;"CN"
508;"85270102222";25/09/2026 21:47:00;"25-09-2026";"21:47";"KXZS95";"P7 OP";"TBFP  ";"Categoría 1";"$  250,00";250;"CN"
509;"85270102222";25/09/2026 21:51:00;"25-09-2026";"21:51";"KXZS95";"P8.0OP";"TBFP  ";"Categoría 1";"$  583,00";583;"CN"
510;"85270102222";25/09/2026 21:54:00;"25-09-2026";"21:54";"KXZS95";"P3 OP";"TBFP  ";"Categoría 1";"$  719,00";719;"CN"
511;"85230128119";25/09/2026 23:01:00;"25-09-2026";"23:01";"KZGL59";"P5 OP";"TBFP  ";"Categoría 1";"$  715,00";715;"CN"
512;"85230128119";25/09/2026 23:05:00;"25-09-2026";"23:05";"KZGL59";"P6.1OP";"TBFP  ";"Categoría 1";"$  239,00";239;"CN"
513;"85230128168";26/09/2026 07:38:00;"26-09-2026";"07:38";"LPPZ31";"EV";"TBFP  ";"Categoría 1";"$  119,00";119;"CN"
514;"85230128168";26/09/2026 07:39:00;"26-09-2026";"07:39";"LPPZ31";"P5 OP";"TBFP  ";"Categoría 1";"$  715,00";715;"CN"
515;"85230128168";26/09/2026 08:51:00;"26-09-2026";"08:51";"LPPZ31";"P6.2PO";"TBFP  ";"Categoría 1";"$  364,00";364;"CN"
516;"85230128168";26/09/2026 08:53:00;"26-09-2026";"08:53";"LPPZ31";"P6.1PO";"TBFP  ";"Categoría 1";"$  239,00";239;"CN"
517;"85230128168";26/09/2026 09:09:00;"26-09-2026";"09:09";"LPPZ31";"P5 PO";"TBFP  ";"Categoría 1";"$  715,00";715;"CN"
518;"85230128168";26/09/2026 09:11:00;"26-09-2026";"09:11";"LPPZ31";"EV";"TBFP  ";"Categoría 1";"$  119,00";119;"CN"

